ad_id,first_seen,last_seen,times_seen,list_date,subject,price,size,rooms,area_name,region_name,property_type,is_gone,is_censored,days_observed,days_on_market,days_to_sell
172726435,2026-08-01,2026-08-01,1,2026-07-16,Hơn 6 tỷ có căn chung cư đẹp Đại Kim-Sổ hồng-90m;MT4m;3ngủ,6800000000,90.0,3,Quận Hoàng Mai,Hà Nội,,False,True,0,16.0,
172965506,2026-08-01,2026-08-01,1,2026-07-11,"Hơn 2,5 tỷ có căn CC đẹp Đại Thanh-Thang máy-Phí DV rẻ-65m:3 ngủ",2850000000,65.0,3,Huyện Thanh Trì,Hà Nội,,False,True,0,21.0,
173241351,2026-08-01,2026-08-01,1,2026-07-25,"Chính chủ bán căn 69m2, 2PN 2WC, KĐT Xa La, Hà Đông, HN(100% ảnh thật)",4250000000,68.0,2,Quận Hà Đông,Hà Nội,,False,True,0,7.0,
173378719,2026-08-01,2026-08-01,1,2026-07-31,"Căn hộ cho người nước ngoài, SPA, tại LUMI Hà Nội bởi Capitalnd.",5455758000,58.7999,2,Quận Nam Từ Liêm,Hà Nội,,False,True,0,1.0,
174150838,2026-08-01,2026-08-01,1,2026-07-13,"Chung cư Imperial Plaza (IP1) 360 giải phóng, căn góc 124,5m2",9500000000,124.5,4,Quận Thanh Xuân,Hà Nội,,False,True,0,19.0,
174625475,2026-08-01,2026-08-01,1,2026-07-21,"Bán căn hộ tầng 2 tại Võng Thị, sổ đỏ riêng biệt. Giá 2,6 Tỷ có bớt",2600000000,38.0,2,Quận Tây Hồ,Hà Nội,,False,True,0,11.0,
175103330,2026-08-01,2026-08-01,1,2026-07-31,"Căn hộ cho người nước ngoài, SPA, tại LUMI Hà Nội bởi Capitalnd.",4409143200,46.0,1,Quận Nam Từ Liêm,Hà Nội,,False,True,0,1.0,
175150206,2026-08-01,2026-08-01,1,2026-07-07,CHÍNH CHỦ CẦN BÁN CHDV TRUNG TÂM QUẬN ĐỐNG ĐA,12860000000,50.0,10,Quận Đống Đa,Hà Nội,,False,True,0,25.0,
175643261,2026-08-01,2026-08-01,1,2026-07-19,"BÁN CC “CĂN GÓC 1601 - N04B - T2” - 151,4M²  KĐT NGOẠI GIAO ĐOÀN, HN",15897000000,151.3999,4,Quận Bắc Từ Liêm,Hà Nội,,False,True,0,13.0,
175753270,2026-08-01,2026-08-01,1,2026-08-01,"Chính chủ  BÁN CĂN HỘ CAO CAP IRIS GARDEN • DT: 62 m² – 2PN2WC 5,8 tỷ ",5800000000,62.0,2,Quận Nam Từ Liêm,Hà Nội,,False,True,0,0.0,
175799737,2026-08-01,2026-08-01,1,2026-07-09,bán nhà,4600000000,47.2,3,Quận Cầu Giấy,Hà Nội,,False,True,0,23.0,
175869756,2026-08-01,2026-08-01,1,2026-07-08,TẬP THỂ DỆT KIM ĐÔNG XUÂN - HAI BÀ TRƯNG,2000000000,40.0,2,Quận Hai Bà Trưng,Hà Nội,,False,True,0,24.0,
175889694,2026-08-01,2026-08-01,1,2026-07-15,Bán tập thể 29 Lạc Trung ( sau st Thành Đô),4686000000,53.0,3,Quận Hai Bà Trưng,Hà Nội,,False,True,0,17.0,
175915469,2026-08-01,2026-08-01,1,2026-07-16,Cần bán căn hộ khu đô thị kim văn kim lũ,3700000000,65.0,2,Quận Hoàng Mai,Hà Nội,,False,True,0,16.0,
176174866,2026-08-01,2026-08-01,1,2026-07-19,"Căn hộ lô góc 2N, 2 vs, thoáng sáng, tiện ích, Nam Trung Yên, 5 tỷ",5000000000,60.0,2,Quận Cầu Giấy,Hà Nội,,False,True,0,13.0,
176204245,2026-08-01,2026-08-01,1,2026-07-19,Bán căn hộ khu Tập thể Cơ khí Hà Nội – 129 Nguyễn Trãi,3000000000,40.0,2,Quận Thanh Xuân,Hà Nội,,False,True,0,13.0,
176227971,2026-08-01,2026-08-01,1,2026-07-23,cần bán căn 2 ngủ chung cư bộ tư lệnh đặc công,3450000000,58.13,2,Huyện Thanh Trì,Hà Nội,,False,True,0,9.0,
176240174,2026-08-01,2026-08-01,1,2026-07-26,bán chung cư mini,1100000000,25.0,1,Quận Đống Đa,Hà Nội,,False,True,0,6.0,
176258848,2026-08-01,2026-08-01,1,2026-07-21,chính chủ bán bán 2 ngủ giá 1.350,1350000000,50.0,2,Quận Nam Từ Liêm,Hà Nội,,False,True,0,11.0,
176275171,2026-08-01,2026-08-01,1,2026-07-17,"gia đình chuyển nhượng căn chung cư 2 ngủ, 2 vệ sinh, căn góc, 4,x tỷ.",4000000000,67.0,2,Quận Hà Đông,Hà Nội,,False,True,0,15.0,
176288160,2026-08-01,2026-08-01,1,2026-07-22,[HẠ GIÁ CHÀO - CÒN THƯƠNG LƯỢNG] Chính chủ bán căn chung cư 3PN 97m2 t,6300000000,96.5,3,Quận Hà Đông,Hà Nội,,False,True,0,10.0,
176309672,2026-08-01,2026-08-01,1,2026-07-15,Bán nhà tập thể tầng 1 chính chủ (NHÀ TẬP THỂ),118000000,92.0,2,Quận Đống Đa,Hà Nội,,False,True,0,17.0,
176403522,2026-08-01,2026-08-01,1,2026-07-24,"Mình Chính chủ bán căn hộ B6C Nam Trung Yên, Căn góc",6600000000,75.0,3,Quận Cầu Giấy,Hà Nội,,False,True,0,8.0,
176465653,2026-08-01,2026-08-01,1,2026-07-14,NGỘP BANK GIA ĐÌNH CẦN BÁN CĂN HỘ THE EMERALD PHỐ ĐÌNH THÔN!,7700000000,76.0,2,Quận Nam Từ Liêm,Hà Nội,,False,True,0,18.0,
176466762,2026-08-01,2026-08-01,1,2026-07-14,CẦN BÁN CĂN HỘ VOV PHỐ MỄ TRÌ GẦN VINHOME GREEN BAY 82m2 GIÁ 6 TỶ!,6000000000,82.0,2,Quận Nam Từ Liêm,Hà Nội,,False,True,0,18.0,
176484641,2026-08-01,2026-08-01,1,2026-07-21,Chính chủ bán không qua trung gian- Rẻ nhất thị trường,4800000000,65.0,2,Quận Cầu Giấy,Hà Nội,,False,True,0,11.0,
176508897,2026-08-01,2026-08-01,1,2026-07-27,Gia đình cần bán căn chung cư mini - 619 Vũ Tông Phan,1450000000,26.0,1,Quận Thanh Xuân,Hà Nội,,False,True,0,5.0,
176509264,2026-08-01,2026-08-01,1,2026-06-03,Cần bán căn hộ chung cư chính chủ,5950000000,83.0998,2,Quận Hà Đông,Hà Nội,,False,True,0,59.0,
176515920,2026-08-01,2026-08-01,1,2026-06-03,Chính chủ bán căn hộ chung cư Vinhome Smart city,3350000000,43.0,1,Quận Nam Từ Liêm,Hà Nội,,False,True,0,59.0,
176519562,2026-08-01,2026-08-01,1,2026-06-03,"Bán nhà 2PN 67,4m toà B2 Full nội thất",6600000000,67.4,2,Quận Hoàng Mai,Hà Nội,,False,True,0,59.0,
176520339,2026-08-01,2026-08-01,1,2026-06-03,Chính chủ bán chung cư Bộ Khoa học Công nghệ Nguyễn Văn Huyên Cầu giấy,11270000000,122.0,3,Quận Cầu Giấy,Hà Nội,,False,True,0,59.0,
176525154,2026-08-01,2026-08-01,1,2026-06-03,Rice City Linh Đàm - không qua môi giới trung gian.,5300000000,62.0,2,Quận Hoàng Mai,Hà Nội,,False,True,0,59.0,
176526774,2026-08-01,2026-08-01,1,2026-06-03,em cần bán chung cư vin smart city tầng 2 vừa ở vừa kinh doanh,5000000000,55.0,2,Quận Nam Từ Liêm,Hà Nội,,False,True,0,59.0,
176527676,2026-08-01,2026-08-01,1,2026-06-03,Chính chủ bán căn chung cư R1 Sunshine 64m2,6000000000,64.0,2,Quận Tây Hồ,Hà Nội,,False,True,0,59.0,
176528478,2026-08-01,2026-08-01,1,2026-06-03,Chính chủ bán căn TT mặt phố Trung Liệt,3400000000,45.0,2,Quận Đống Đa,Hà Nội,,False,True,0,59.0,
176531859,2026-08-01,2026-08-01,1,2026-06-04,BÁN CĂN HỘ 95m² FULL NỘI THẤT – CHỈ XÁCH VALI VÀO Ở,4000000000,95.0,3,Huyện Hoài Đức,Hà Nội,,False,True,0,58.0,
176537061,2026-08-01,2026-08-01,1,2026-06-04,bán chung cư,4200000000,54.0,2,Quận Bắc Từ Liêm,Hà Nội,,False,True,0,58.0,
176546099,2026-08-01,2026-08-01,1,2026-06-04,Cần bán Tập thể Thành Công trung tâm đầy đủ tiện ích,2999000000,50.0,1,Quận Ba Đình,Hà Nội,,False,True,0,58.0,
176556780,2026-08-01,2026-08-01,1,2026-06-11,Bán căn hộ chung cư cao cấp CT3 Tổ hợp TMDV cao cấp The Pride,7950000000,94.0,3,Quận Hà Đông,Hà Nội,,False,True,0,51.0,
176560393,2026-08-01,2026-08-01,1,2026-06-05,"Nhượng lại căn hộ 2N+1, 2vs",4200000000,63.5,2,Huyện Gia Lâm,Hà Nội,,False,True,0,57.0,
176568278,2026-08-01,2026-08-01,1,2026-07-23,chính chủ bán nhà 8 tầng như hình đường ôtô đi,16900000000,50.0,11,Quận Nam Từ Liêm,Hà Nội,,False,True,0,9.0,
176574401,2026-08-01,2026-08-01,1,2026-06-05,4.6 TỶ - CHUNG CƯ NGUYÊN HỒNG - ĐỐNG ĐA - 45M2 - TẦNG 1 - KINH DOANH,4600000000,45.0,2,Quận Đống Đa,Hà Nội,,False,True,0,57.0,
176600052,2026-08-01,2026-08-01,1,2026-06-17,CHÍNH CHỦ CẦN BÁN CĂN HỘ T&T DC COMPLEX,7150000000,71.0,2,Quận Hoàng Mai,Hà Nội,,False,True,0,45.0,
176601782,2026-08-01,2026-08-01,1,2026-06-07,Chính chủ cần bán căn hộ 3PN Vinhomes Green Bay Mễ Trì. Căn góc,13000000000,93.0,3,Quận Nam Từ Liêm,Hà Nội,,False,True,0,55.0,
176606279,2026-08-01,2026-08-01,1,2026-06-07,"Bán căn hộ chung cư Bộ Kế hoạch và Đầu tư , Đông Quan, Cầu Giấy",7200000000,84.0,2,Quận Cầu Giấy,Hà Nội,,False,True,0,55.0,
176619963,2026-08-01,2026-08-01,1,2026-06-10,CHÍNH CHỦ CẦN BÁN CHUNG CƯ THANH HÀ – Tòa HH03C,3200000000,67.0,2,Quận Hà Đông,Hà Nội,,False,True,0,52.0,
176623149,2026-08-01,2026-08-01,1,2026-06-08,BÁN CHUNG CƯ 4F - Vũ Phạm Hàm - Cầu Giấy,5650000000,62.0,2,Quận Cầu Giấy,Hà Nội,,False,True,0,54.0,
176627411,2026-08-01,2026-08-01,1,2026-07-15,"*** hơn 6,5 tỷ sở hữu căn hộ 2 Ngủ Q. Thanh Xuân Căn 2PN",6500000000,72.0,2,Quận Thanh Xuân,Hà Nội,,False,True,0,17.0,
176628353,2026-08-01,2026-08-01,1,2026-06-08,Bán căn hộ Rose Town,2000000000,60.0,2,Quận Hoàng Mai,Hà Nội,,False,True,0,54.0,
176631061,2026-08-01,2026-08-01,1,2026-06-08,"Bán 2n2vs Chung cư Hoà Bình green city, 65m2",6200000000,65.0,2,Quận Hai Bà Trưng,Hà Nội,,False,True,0,54.0,
176632639,2026-08-01,2026-08-01,1,2026-06-14,Bán căn hộ tập thể E7 Quỳnh Mai,1000000000,55.0,2,Quận Hai Bà Trưng,Hà Nội,,False,True,0,48.0,
176634644,2026-08-01,2026-08-01,1,2026-06-08,"Bán CC Nhà A9, Khu Tập Thể HVQP, P. Nghĩa Đô, Hà Nội",3700000000,60.0,2,Quận Cầu Giấy,Hà Nội,,False,True,0,54.0,
176634652,2026-08-01,2026-08-01,1,2026-06-08,Duplex Sunshine Palace chỉ 3 tỷ - Hàng xóm Times City - Chính chủ,3000000000,65.0,1,Quận Hoàng Mai,Hà Nội,,False,True,0,54.0,
176638154,2026-08-01,2026-08-01,1,2026-06-09,chính chủ cần bán gấp căn hộ cc để đi định cư nước ngoài,8700000000,132.0,4,Huyện Hoài Đức,Hà Nội,,False,True,0,53.0,
176638544,2026-08-01,2026-08-01,1,2026-06-24,"Chính Chủ Cần Bán cc 83,7m 3ngủ 2wc Cc Tứ Hiệp Plaza sổ Đỏ Trao Tay",5600000000,83.6996,3,Huyện Thanh Trì,Hà Nội,,False,True,0,38.0,
176641606,2026-08-01,2026-08-01,1,2026-06-09,Chính chủ bán CC ct2b căn góc Đông bắc Đông nam khu DT Văn Quán,5200000000,69.0,2,Quận Hà Đông,Hà Nội,,False,True,0,53.0,
176642599,2026-08-01,2026-08-01,1,2026-06-09,TẬP THỂ TẦNG 1 - KINH DOANH - Ô TÔ ĐỖ GẦN - HÀNG XÓM ROYAL CITY.,3100000000,10.0,2,Quận Thanh Xuân,Hà Nội,,False,True,0,53.0,
176661433,2026-08-01,2026-08-01,1,2026-06-09,"Chính chủ cần bán căn hộ khu Goldmark city, toà Diamond",11900000000,135.0,3,Quận Bắc Từ Liêm,Hà Nội,,False,True,0,53.0,
176665619,2026-08-01,2026-08-01,1,2026-06-14,"🔥🔥 BÁN CĂN CC XUÂN MAI COMPLEX TÒA F
DT 62m2 - 1PK - 2PN - 2VS",3900000000,62.0,2,Quận Hà Đông,Hà Nội,,False,True,0,48.0,
176667406,2026-08-01,2026-08-01,1,2026-06-10,"🏙️ AN CƯ LÝ TƯỞNG TẠI KĐT TÂN TÂY ĐÔ – KHÔNG GIAN SỐNG XANH, TIỆN NGHI,",4500000000,92.0,3,Huyện Đan Phượng,Hà Nội,,False,True,0,52.0,
176675990,2026-08-01,2026-08-01,1,2026-06-27,Bán nhà chung cư Phường Cầu Giấy - Hà Nội,11500000000,92.0,3,Quận Cầu Giấy,Hà Nội,,False,True,0,35.0,
176677199,2026-08-01,2026-08-01,1,2026-06-10,"Đẹp nhất tòa! Căn góc 2N2VS siêu phẩm, tầng trung, tặng full NT SĐCC",3890000000,55.0,2,Quận Hoàng Mai,Hà Nội,,False,True,0,52.0,
176681990,2026-08-01,2026-08-01,1,2026-06-16,"Căn hộ chung cư số 6 Đội Nhân, nhà mới đẹp, full nội thất",8780000000,93.4,3,Quận Ba Đình,Hà Nội,,False,True,0,46.0,
176683390,2026-08-01,2026-08-01,1,2026-06-10,"Chính chủ cần bán căn Stu+, tòa B Masterise. View hồ, sẵn sổ.",3900000000,33.0,1,Quận Nam Từ Liêm,Hà Nội,,False,True,0,52.0,
176688569,2026-08-01,2026-08-01,1,2026-07-17,"🏡 CHÍNH CHỦ BÁN CĂN HỘ THĂNG LONG CAPITAL – AN KHÁNH, HOÀI ĐỨC",4450000000,69.9,2,Huyện Hoài Đức,Hà Nội,,False,True,0,15.0,
176689907,2026-08-01,2026-08-01,1,2026-06-11,Bán căn hộ 2 Ngủ 2 vệ sinh + 1 Vinhome Smart City,5100000000,65.0,2,Quận Nam Từ Liêm,Hà Nội,,False,True,0,51.0,
176694276,2026-08-01,2026-08-01,1,2026-06-11,"BID Residence – Căn 78,4m² Giá 4 Tỷ, Chính Chủ, Thương Lượng",4000000000,78.4,2,Quận Nam Từ Liêm,Hà Nội,,False,True,0,51.0,
176702942,2026-08-01,2026-08-01,1,2026-07-17,Chính chủ bán chung cư căn góc thoáng mát,3350000000,56.0,2,Huyện Thanh Trì,Hà Nội,,False,True,0,15.0,
176707307,2026-08-01,2026-08-01,1,2026-06-11, Cần bán căn hộ chung cư cao cấp ,4800000000,48.56,1,Quận Hoàng Mai,Hà Nội,,False,True,0,51.0,
176713123,2026-08-01,2026-08-01,1,2026-07-26,Chính chủ cần bán gấp,2180000000,50.0,2,Quận Hoàng Mai,Hà Nội,,False,True,0,6.0,
176721719,2026-08-01,2026-08-01,1,2026-06-12,"Chính chủ bán chung cư KĐT Nam Trung Yên, 60m2,2N, full nội thất",5000000000,60.0,2,Quận Cầu Giấy,Hà Nội,,False,True,0,50.0,
176729053,2026-08-01,2026-08-01,1,2026-06-12,Nhà chính chủ,4900000000,70.0,2,Quận Hà Đông,Hà Nội,,False,True,0,50.0,
176729797,2026-08-01,2026-08-01,1,2026-07-16,Chỉ 4 tỷ - Chung Cư Dương Khuê - 2 Ngủ - Rộng - Thoáng,4450000000,65.0,2,Quận Cầu Giấy,Hà Nội,,False,True,0,16.0,
176729891,2026-08-01,2026-08-01,1,2026-07-18,Chỉ 6 tỷ - CC Hàm Nghi 119m x 3 ngủ - Lô góc - Sẵn ở,6000000000,119.0,3,Quận Nam Từ Liêm,Hà Nội,,False,True,0,14.0,
176741057,2026-08-01,2026-08-01,1,2026-07-26,🚨  TÔI CHÍNH CHỦ ĐỔI NƠI CÔNG TÁC - CẦN NHƯỢNG GẤP  LẠI CĂN 2 NGỦ HH1,2450000000,66.0,2,Quận Hoàng Mai,Hà Nội,,False,True,0,6.0,
176744152,2026-08-01,2026-08-01,1,2026-06-13,Bán nhà giao luôn,8000000000,90.9,2,Quận Đống Đa,Hà Nội,,False,True,0,49.0,
176745275,2026-08-01,2026-08-01,1,2026-06-13,Bán căn hộ chung cư 3 phòng ngủ,6300000000,107.1998,3,Quận Hà Đông,Hà Nội,,False,True,0,49.0,
176751133,2026-08-01,2026-08-01,1,2026-07-05,chính chủ cần bán,5800000000,75.0,2,Quận Nam Từ Liêm,Hà Nội,,False,True,0,27.0,
176753325,2026-08-01,2026-08-01,1,2026-06-14,CHUNG CƯ MINI,1780000000,52.0,2,Quận Nam Từ Liêm,Hà Nội,,False,True,0,48.0,
176756203,2026-08-01,2026-08-01,1,2026-06-20,CHÍNH CHỦ BÁN CĂN GÓC CC HATECO APOLLO – XUÂN PHƯƠNG,5200000000,65.0,2,Quận Nam Từ Liêm,Hà Nội,,False,True,0,42.0,
176763105,2026-08-01,2026-08-01,1,2026-07-30,CHÍNH CHỦ ĐỨNG TÊN SỔ ĐỎ BÁN CĂN GÓC 84m2 TẦNG ĐẸP 11 PARK VIEW CITY,10600000000,84.0,2,Quận Cầu Giấy,Hà Nội,,False,True,0,2.0,
176765286,2026-08-01,2026-08-01,1,2026-06-14,"Bán chung cư chính chủ 62m2, Vinhome Ocean Park",4500000000,62.0,2,Huyện Gia Lâm,Hà Nội,,False,True,0,48.0,
176765736,2026-08-01,2026-08-01,1,2026-06-14,"Bán căn chung cư 2PN, 2WC tại Khu đô thị Đặng Xá - 3,75 tỷ, 70m2",3750000000,70.0,2,Huyện Gia Lâm,Hà Nội,,False,True,0,48.0,
176767502,2026-08-01,2026-08-01,1,2026-06-14,"Bán Chung cư 45,3 m2 Khu đô thị Đặng Xá, Gia Lâm",2450000000,45.2999,1,Huyện Gia Lâm,Hà Nội,,False,True,0,48.0,
176773151,2026-08-01,2026-08-01,1,2026-06-15,BÁN CHUNG CƯ 536A MINH KHAI – CÓ SÂN VƯỜN RIÊNG – NHÀ ĐẸP Ở NGAY,7500000000,74.0,2,Quận Hai Bà Trưng,Hà Nội,,False,True,0,47.0,
176789744,2026-08-01,2026-08-01,1,2026-06-15,GÓC KỶ NIỆM & CHUYỂN NHƯỢNG LẠI CĂN HỘ 1 NGỦ+ TỪ CHÍNH CHỦ,3800000000,46.0,1,Quận Nam Từ Liêm,Hà Nội,,False,True,0,47.0,
176790047,2026-08-01,2026-08-01,1,2026-07-21,"🏆CHÍNH CHỦ BÁN CĂN GÓC GIÁ 55 TR/m2 - NGAY TT QUẬN LONG BIÊN, HÀ NỘI 🏆",3500000000,68.0,2,Quận Long Biên,Hà Nội,,False,True,0,11.0,
176793378,2026-08-01,2026-08-01,1,2026-06-15,🔥 Chính chủ bán CT2C Nghĩa Đô 🔥 Giá Tốt,4750000000,43.0,1,Quận Bắc Từ Liêm,Hà Nội,,False,True,0,47.0,
176793496,2026-08-01,2026-08-01,1,2026-06-15,🔥 Chính chủ bán CT1B Nghĩa Đô 🔥 Giá Tốt,5700000000,50.0,2,Quận Bắc Từ Liêm,Hà Nội,,False,True,0,47.0,
176801347,2026-08-01,2026-08-01,1,2026-06-16,Chính chủ cần bán căn hộ N03T7 Ngoại Giao Đoàn,14000000000,108.0,3,Quận Bắc Từ Liêm,Hà Nội,,False,True,0,46.0,
176809699,2026-08-01,2026-08-01,1,2026-07-20,CHÍNH CHỦ BÁN CHUNG CƯ ~60 tr/m2. GIÁP Masterise CAO XÀ LÁ NGUYỄN TRÃI,12800000000,206.0,7,Quận Thanh Xuân,Hà Nội,,False,True,0,12.0,
176810156,2026-08-01,2026-08-01,1,2026-07-06,Chính chủ bán căn hộ tập thể chung cư B3,4100000000,60.0,2,Quận Cầu Giấy,Hà Nội,,False,True,0,26.0,
176810275,2026-08-01,2026-08-01,1,2026-06-16,"Bán chung cư 2pn 74m2 Anland 3 Dương Nội, cách AEON Hà Đông 800m",6000000000,73.5,2,Quận Hà Đông,Hà Nội,,False,True,0,46.0,
176814408,2026-08-01,2026-08-01,1,2026-06-16,CHÍNH CHỦ BÁN CĂN HỘ CT1 GELEXIA RIVERSIDE 73.8 m²,5500000000,73.3,2,Quận Hoàng Mai,Hà Nội,,False,True,0,46.0,
176814423,2026-08-01,2026-08-01,1,2026-06-16,Bán căn hộ chung cư 17T Trung Hoà Nhân Chính,14500000000,152.5,3,Quận Cầu Giấy,Hà Nội,,False,True,0,46.0,
176817690,2026-08-01,2026-08-01,1,2026-07-21,Bán chung cư 2 ngủ 2 wc 65m2,5050000000,65.0,2,Quận Bắc Từ Liêm,Hà Nội,,False,True,0,11.0,
176820084,2026-08-01,2026-08-01,1,2026-07-25,CHÍNH CHỦ BÁN CĂN HỘ T&T DC COMPLEX – 120 ĐỊNH CÔNG,7450000000,72.0,2,Quận Hoàng Mai,Hà Nội,,False,True,0,7.0,
176853534,2026-08-01,2026-08-01,1,2026-06-18,Bán Gấp lấy tiền mua nhà to,1230000000,52.0,2,Quận Hoàng Mai,Hà Nội,,False,True,0,44.0,
176868006,2026-08-01,2026-08-01,1,2026-06-19,"chung cư TSQ EURO Land Mỗ lao 202m 4ngủ,3ban công,3WC Căn Góc,đẳng cấp",12800000000,202.0,4,Quận Hà Đông,Hà Nội,,False,True,0,43.0,
176868471,2026-08-01,2026-08-01,1,2026-06-19,"CC HP  landmark 105 Tố Hữu, 134m 3 ngủ,full nội thất,đẳng cấp an sinh",8290000000,134.0,3,Quận Hà Đông,Hà Nội,,False,True,0,43.0,
176869051,2026-08-01,2026-08-01,1,2026-06-19,"CHÍNH CHỦ BÁN CĂN HỘ VNT TOWER – 19 NGUYỄN TRÃI, THANH XUÂN, HÀ NỘI",9600000000,120.0,3,Quận Thanh Xuân,Hà Nội,,False,True,0,43.0,
176872220,2026-08-01,2026-08-01,1,2026-06-19,Chính chủ cần bán gấp Chung Cư CT12C,3350000000,54.0,2,Quận Hoàng Mai,Hà Nội,,False,True,0,43.0,
176877544,2026-08-01,2026-08-01,1,2026-06-19,"Bán căn hộ 67.3m2, dự án Eurowindow River Park, Đông Anh",3850000000,67.3,2,Huyện Đông Anh,Hà Nội,,False,True,0,43.0,
176889589,2026-08-01,2026-08-01,1,2026-07-22,chính chủ Bán nhà 8 tầng như hình đường ôtô đi,16900000000,50.0,11,Quận Nam Từ Liêm,Hà Nội,,False,True,0,10.0,
176891433,2026-08-01,2026-08-01,1,2026-06-20,Bán căn chung cư Vinhomes Symphony tầng đẹp view thoáng mát 2n2vs,6800000000,67.5,2,Quận Long Biên,Hà Nội,,False,True,0,42.0,
176900401,2026-08-01,2026-08-01,1,2026-06-20,"CHÍNH CHỦ bán gấp căn hộ Gelexia Riverside, giá chỉ 5,95 tỷ, 89m².",5950000000,89.0,3,Quận Hoàng Mai,Hà Nội,,False,True,0,42.0,
176920034,2026-08-01,2026-08-01,1,2026-06-21,"CHUNG CƯ ĐÌNH THÔN, MỸ ĐÌNH, CẦU GIẤY GIÁ RẺ",6000000000,68.0,2,Quận Nam Từ Liêm,Hà Nội,,False,True,0,41.0,
176923421,2026-08-01,2026-08-01,1,2026-06-21,"Bán nhà CCMN 1PN có ban công thoáng, ngõ rộng tiện ích xung quanh",1350000000,40.0,1,Quận Cầu Giấy,Hà Nội,,False,True,0,41.0,
176928581,2026-08-01,2026-08-01,1,2026-06-22,Cần bán nhà,2500000000,60.0,2,Quận Thanh Xuân,Hà Nội,,False,True,0,40.0,
176930011,2026-08-01,2026-08-01,1,2026-06-22,"Bán cc FLC Landmark Tower 60 Dương Khuê, Mỹ Đình 124m, 3ngủ 2wc",8600000000,124.0,3,Quận Nam Từ Liêm,Hà Nội,,False,True,0,40.0,
176935633,2026-08-01,2026-08-01,1,2026-06-26,"Bán chung cư nội thất CC, 3PN, toà R4B, GoldmarkCity, 136 HTM, Hà Nội",11000000000,121.0,3,Quận Bắc Từ Liêm,Hà Nội,,False,True,0,36.0,
176937823,2026-08-01,2026-08-01,1,2026-06-22,Chính chủ cần bán căn hộ VP6 Linh Đàm,2000000000,61.0499,2,Quận Hoàng Mai,Hà Nội,,False,True,0,40.0,
176940136,2026-08-01,2026-08-01,1,2026-06-24,"BÁN TẬP THỂ TẦNG 2 , NGÕ 51 CHIẾN THẮNG, VĂN QUÁN HÀ ĐÔNG",3300000000,65.0,3,Quận Hà Đông,Hà Nội,,False,True,0,38.0,
176950090,2026-08-01,2026-08-01,1,2026-06-22,"Căn hộ chung cư tòa CT1 gelexia riverside Hoàng Mai 73,3m 2 ngủ",5499000000,73.3,2,Quận Hoàng Mai,Hà Nội,,False,True,0,40.0,
176958022,2026-08-01,2026-08-01,1,2026-06-23,CC BÁN CĂN HỘ CHUNG CƯ 2PN 2WC CT2 HOÀNG CẦU ĐỐNG ĐA ,5200000000,55.0,2,Quận Đống Đa,Hà Nội,,False,True,0,39.0,
176965952,2026-08-01,2026-08-01,1,2026-06-27,Bán căn hộ chung cư Khai Sơn city,9200000000,120.0,3,Quận Long Biên,Hà Nội,,False,True,0,35.0,
176985256,2026-08-01,2026-08-01,1,2026-07-24,"chính chủ cần bán nhanh căn chung cư VOV Mễ Trì. 85,4m2 giá rẻ nhất.",5600000000,85.4,2,Quận Nam Từ Liêm,Hà Nội,,False,True,0,8.0,
177014449,2026-08-01,2026-08-01,1,2026-07-28,Bán căn hộ B11D Nam Trung Yên. Cầu giấy.,5600000000,70.0,2,Quận Cầu Giấy,Hà Nội,,False,True,0,4.0,
177064110,2026-08-01,2026-08-01,1,2026-07-29,Chính chủ bán nhà chung cư Thụy Phương,2650000000,33.2999,1,Quận Bắc Từ Liêm,Hà Nội,,False,True,0,3.0,
177066339,2026-08-01,2026-08-01,1,2026-07-28,"Chính chủ bán căn hộ 108,5m2 có 3PN, 2VS CC Tân Việt - giá chỉ 4,25 tỷ",4250000000,108.5,3,Huyện Hoài Đức,Hà Nội,,False,True,0,4.0,
177066379,2026-08-01,2026-08-01,1,2026-07-28,"Chính chủ bán căn hộ 82m2 có 2PN, 2VS CC Tân Việt - giá chỉ 3,2 tỷ.",3200000000,75.4,2,Huyện Hoài Đức,Hà Nội,,False,True,0,4.0,
177082898,2026-08-01,2026-08-01,1,2026-07-28,"Chính chủ bán căn góc chung cư 92,2 m2 CT5-ĐN1 Trần Hữu Dực",7150000000,92.1996,3,Quận Nam Từ Liêm,Hà Nội,,False,True,0,4.0,
177086626,2026-08-01,2026-08-01,1,2026-08-01,Bán căn hộ chung cư ct4 Thiên Lộc Hà Nội 59m gần đường Võ Văn Kiệt,2800000000,58.5,2,Huyện Đông Anh,Hà Nội,,False,True,0,0.0,
177093331,2026-08-01,2026-08-01,1,2026-07-29,Bán căn hộ BEVERLY vinhomes ocean park,5790000000,88.0,3,Huyện Gia Lâm,Hà Nội,,False,True,0,3.0,
177116568,2026-08-01,2026-08-01,1,2026-06-30,Bán chung cư mặt đường trần phú,5000000000,72.0,2,Quận Hà Đông,Hà Nội,,False,True,0,32.0,
177146182,2026-08-01,2026-08-01,1,2026-07-18,"Gấp! Chung cư CT2 ngõ 34 Hoàng Cầu, 55m2, 2PN, View Hồ",5000000000,55.0,2,Quận Đống Đa,Hà Nội,,False,True,0,14.0,
177146282,2026-08-01,2026-08-01,1,2026-07-21,"Cần bán chung cư Đại Kim, tầng trung view thoáng, 70m2 2PN rộng đẹp!",5100000000,70.0,2,Quận Hoàng Mai,Hà Nội,,False,True,0,11.0,
177146464,2026-08-01,2026-08-01,1,2026-07-27,"Cần bán căn hộ Kim Văn Kim Lũ, 2ngủ 2Vs nhà đẹp ở ngay 57m2 tầng trung",3600000000,57.0,2,Quận Hoàng Mai,Hà Nội,,False,True,0,5.0,
177147107,2026-08-01,2026-08-01,1,2026-07-18,"Rẻ! Căn hộ Hongkong Tower Đê La Thành, 67m2, 2PN, ban Kong, lô gia",4900000000,67.0,2,Quận Đống Đa,Hà Nội,,False,True,0,14.0,
177147950,2026-08-01,2026-08-01,1,2026-07-19,"Giá đẹp! Căn hộ Rox Center 90 Đường Láng, 70m2, 2PN, gần trường ĐH Y",6300000000,70.0,2,Quận Đống Đa,Hà Nội,,False,True,0,13.0,
177167763,2026-08-01,2026-08-01,1,2026-07-11,"Bán căn hộ tòa R1.02 , 1PN ,DT 44m2 tại Vinhomes Ocean Park Gia Lâm",2850000000,44.0,1,Huyện Gia Lâm,Hà Nội,,False,True,0,21.0,
177178981,2026-08-01,2026-08-01,1,2026-07-03,CHÍNH CHỦ CẦN BÁN NHÀ,2500000000,20.0,2,Quận Bắc Từ Liêm,Hà Nội,,False,True,0,29.0,
177191427,2026-08-01,2026-08-01,1,2026-07-03,chính chủ cần bán căn cc sài đồng 3n 2vs full nội thất,5200000,75.0,3,Quận Long Biên,Hà Nội,,False,True,0,29.0,
177192285,2026-08-01,2026-08-01,1,2026-07-23,"Gấp! căn hộ chung cư Hạ Đình tiện ích bạt ngàn,view đẹp 55m2x2PN 1Vs",4300000000,55.0,2,Quận Thanh Xuân,Hà Nội,,False,True,0,9.0,
177198260,2026-08-01,2026-08-01,1,2026-07-03,🔥 Chính Chủ Bán Gấp Ruby Park 48.4m² - 1PN Chỉ 3.25 Tỷ Thu Hồi Vốn,3250000000,48.4,1,Quận Long Biên,Hà Nội,,False,True,0,29.0,
177198816,2026-08-01,2026-08-01,1,2026-07-04,Chung cư Khai Sơn 120m tầng trung giá 8560,8560000000,120.0,3,Quận Long Biên,Hà Nội,,False,True,0,28.0,
177198863,2026-08-01,2026-08-01,1,2026-07-04,Chung cư 6* The Magnolia giá chưa đến 100tr/m2,10894000000,116.0,3,Quận Long Biên,Hà Nội,,False,True,0,28.0,
177201265,2026-08-01,2026-08-01,1,2026-07-04,Bán căn chung cư CT3-ĐN 1 Khu đô thị mới Trung Văn- Đường Tố Hữu ,8200000000,111.8,3,Quận Nam Từ Liêm,Hà Nội,,False,True,0,28.0,
177202689,2026-08-01,2026-08-01,1,2026-07-08,"Chính chủ cần bán căn 68m, 2pn, 2wc, giá tốt.",4250000000,68.0,2,Quận Hà Đông,Hà Nội,,False,True,0,24.0,
177203344,2026-08-01,2026-08-01,1,2026-07-06,Nguyễn Xiển CHÍNH CHỦ BÁN NHÀ CHO THUÊ DÒNG TIỀN 28 TRIỆU/THÁNG,2686000000,40.0,7,Quận Thanh Xuân,Hà Nội,,False,True,0,26.0,
177208997,2026-08-01,2026-08-01,1,2026-07-04,Cần bán chung cư Vạn phúc,5500000000,73.0,2,Quận Hà Đông,Hà Nội,,False,True,0,28.0,
177209031,2026-08-01,2026-08-01,1,2026-07-04,"Chung cư 2 ngủ 2wc hướng Đông Nam tiến độ 1,7 tỷ",5100000000,67.6998,2,Quận Hà Đông,Hà Nội,,False,True,0,28.0,
177211799,2026-08-01,2026-08-01,1,2026-07-06,BÁN NHANH- TÒA S201 1005 2PN-1VS DT 60M2- VINHOMES SMART CITY,3990000000,60.0,2,Quận Nam Từ Liêm,Hà Nội,,False,True,0,26.0,
177213441,2026-08-01,2026-08-01,1,2026-07-04,cần thanh khoản gấp,5300000000,80.0,2,Quận Cầu Giấy,Hà Nội,,False,True,0,28.0,
177215296,2026-08-01,2026-08-01,1,2026-07-04,"Studio SOHO văn phòng lưu trú 45.62m² tầng 20, view nội khu yên tĩnh",3800000000,45.6199,1,Quận Tây Hồ,Hà Nội,,False,True,0,28.0,
177223418,2026-08-01,2026-08-01,1,2026-07-19,"- Bán căn hộ tập thể Bách Khoa, Tạ Quang Bửu, siêu đẹp, 25m2, 3.65 tỷ",3650000000,25.0,2,Quận Hai Bà Trưng,Hà Nội,,False,True,0,13.0,
177227883,2026-08-01,2026-08-01,1,2026-07-09,Chính chủ bán cc tại 275 nguyễn trãi - khu Hoàng Huy,8500000000,94.0,3,Quận Thanh Xuân,Hà Nội,,False,True,0,23.0,
177230875,2026-08-01,2026-08-01,1,2026-07-05,"cần bán căn hộ 50m2, nội thất đầy đủ",2000000000,50.0,2,Quận Đống Đa,Hà Nội,,False,True,0,27.0,
177241049,2026-08-01,2026-08-01,1,2026-07-05,Bán căn hộ chung cư,10400000000,94.0,3,Quận Thanh Xuân,Hà Nội,,False,True,0,27.0,
177242094,2026-08-01,2026-08-01,1,2026-07-31,Một lời khuyên thật lòng cho các cặp đôi đang tìm nhà Hà Nội,5300000000,64.8,2,Quận Nam Từ Liêm,Hà Nội,,False,True,0,1.0,
177245070,2026-08-01,2026-08-01,1,2026-07-06,"Bán căn hộ 7 tầng 11 phòng, vừa ở vừa kinh doanh dòng tiền",15500000000,55.0,11,Quận Long Biên,Hà Nội,,False,True,0,26.0,
177245710,2026-08-01,2026-08-01,1,2026-07-06,CHUNG CƯ MINI GIÁ RẺ,1200000000,52.0,2,Huyện Hoài Đức,Hà Nội,,False,True,0,26.0,
177245757,2026-08-01,2026-08-01,1,2026-07-06,CHÍNH CHỦ BÁN CĂN HỘ 2 NGỦ 2WC - TÒA GOLDSILK VẠN PHÚC FULL NỘI THẤT ,5500000000,73.0,2,Quận Hà Đông,Hà Nội,,False,True,0,26.0,
177251713,2026-08-01,2026-08-01,1,2026-07-06,"Bán căn Chung cư Phạm Hùng, 125m2, 3 ngủ, lô góc",8200000000,125.0,3,Quận Nam Từ Liêm,Hà Nội,,False,True,0,26.0,
177258841,2026-08-01,2026-08-01,1,2026-07-06,BÁN CĂN HỘ THANH HÀ HH02C - TẦNG THẤP – 78M² – CHỈ 3.3 TỶ (TL),3300000000,78.0,2,Quận Hà Đông,Hà Nội,,False,True,0,26.0,
177262258,2026-08-01,2026-08-01,1,2026-07-06,"bán chung cư sẵn sổ, nội thất cơ bản như hình",3990000000,66.0,2,Quận Hoàng Mai,Hà Nội,,False,True,0,26.0,
177266090,2026-08-01,2026-08-01,1,2026-07-07,"CHÍNH CHỦ CẦN BÁN CĂN HỘ BRG 25 LÊ VĂN LƯƠNG, QUÂN THANH XUÂN, HÀ NỘI",25000000000,162.0,4,Quận Thanh Xuân,Hà Nội,,False,True,0,25.0,
177266251,2026-08-01,2026-08-01,1,2026-07-07,"CHÍNH CHỦ CẦN BÁN CĂN HỘ BRG 25 LÊ VĂN LƯƠNG, THANH XUÂN, HÀ NỘI",25000000000,162.0,4,Quận Thanh Xuân,Hà Nội,,False,True,0,25.0,
177278859,2026-08-01,2026-08-01,1,2026-07-30,"Căn Góc 3PN hiếm hoi, trục huyết mạch Lý Sơn, Long Biên. Chỉ 5.3 tỷ",5300000000,93.98,3,Quận Long Biên,Hà Nội,,False,True,0,2.0,
177280004,2026-08-01,2026-08-01,1,2026-07-20,"Bán căn hộ sát Hồ Vĩnh Hoàng 60m,2PN,2WC đầy đủ nội thất xịn, ở ngay",4600000000,60.0,2,Quận Hoàng Mai,Hà Nội,,False,True,0,12.0,
177286603,2026-08-01,2026-08-01,1,2026-07-10,Gia đình cần bán căn chung cư T&T 440 Vĩnh Hưng,7500000000,100.0,2,Quận Hoàng Mai,Hà Nội,,False,True,0,22.0,
177288819,2026-08-01,2026-08-01,1,2026-07-10,"Nhỉnh 2 tỷ, chính chủ cần bán căn Tập thể Thụy Phương 55m",2200000000,55.0,2,Quận Bắc Từ Liêm,Hà Nội,,False,True,0,22.0,
177289247,2026-08-01,2026-08-01,1,2026-07-07,Chính chủ cần bán căn CC nam xa la 4.4 tỷ,4400000000,70.4,2,Quận Hà Đông,Hà Nội,,False,True,0,25.0,
177290636,2026-08-01,2026-08-01,1,2026-07-08,Chính chủ bán căn 1 ngủ + tại Vinhome smart City Hà Nội,3350000000,43.0,1,Quận Nam Từ Liêm,Hà Nội,,False,True,0,24.0,
177290761,2026-08-01,2026-08-01,1,2026-07-08,📈 Nhà đầu tư không nên bỏ lỡ: 70m² – 17 phòng khép kín – Doanh thu 80,17000000000,70.0,11,Quận Nam Từ Liêm,Hà Nội,,False,True,0,24.0,
177293122,2026-08-01,2026-08-01,1,2026-07-08,"BÁN CĂN HỘ 1104 – CT2B KĐT NAM CƯỜNG, NGHĨA ĐÔ – LÔ GÓC, FULL NỘI THẤT",10800000000,104.0,3,Quận Bắc Từ Liêm,Hà Nội,,False,True,0,24.0,
177294099,2026-08-01,2026-08-01,1,2026-07-12,"Chính chủ: bán căn hộ Mipec Riverside Long Biên 2 ngủ 2WC, đủ nội thất",8300000000,80.0,2,Quận Long Biên,Hà Nội,,False,True,0,20.0,
177294410,2026-08-01,2026-08-01,1,2026-07-08,Bán căn hộ chung cư mặt đường E8 Phương Mai T1,16000000000,90.0,2,Quận Đống Đa,Hà Nội,,False,True,0,24.0,
177295691,2026-08-01,2026-08-01,1,2026-07-08,BÁN CĂN GÓC ĐỦ NỘI THẤT RUBY CITY 3 PHÚC LỢI - 52M² ĐẸP LONG LANH Chuy,3750000000,52.0,2,Quận Long Biên,Hà Nội,,False,True,0,24.0,
177297751,2026-08-01,2026-08-01,1,2026-07-08,CHÍNH CHỦ CẦN BÁN NHÀ CẦU DIỄN – 55M² – 3 MẶT THOÁNG – GIÁ ĐẦU TƯ CHỈ,9000000000,55.0,9,Quận Bắc Từ Liêm,Hà Nội,,False,True,0,24.0,
177298853,2026-08-01,2026-08-01,1,2026-07-08,CHÍNH CHỦ BÁN GẤP CHUNG CƯ VƯỜN ĐÀO 125M2 3 NGỦ 2VS GIÁ CHỈ 10.75 TỶ,10750000000,125.0,3,Quận Tây Hồ,Hà Nội,,False,True,0,24.0,
177303829,2026-08-01,2026-08-01,1,2026-07-08,Cần bán căn hộ chính chủ CC Hồ Gươm Plaza full nội thất - 3 ngủ 2 wc,8500000000,141.0,3,Quận Hà Đông,Hà Nội,,False,True,0,24.0,
177304152,2026-08-01,2026-08-01,1,2026-07-08,"Chính chủ bán CC ~60m2, giá 2,x tỷ",2000000000,60.0,2,Huyện Gia Lâm,Hà Nội,,False,True,0,24.0,
177304635,2026-08-01,2026-08-01,1,2026-07-13,"chính chủ bán Chung Cư Hồ Tùng Mậu, Cạnh Gold mark. 2 ngủ, sổ đỏ chuẩn",3980000000,52.0,2,Quận Bắc Từ Liêm,Hà Nội,,False,True,0,19.0,
177311288,2026-08-01,2026-08-01,1,2026-07-08,Căn hộ TT - 3 ngủ 2 vs - Vị trí trung tâm - ngõ đỗ ô tô,4800000000,90.0,3,Quận Đống Đa,Hà Nội,,False,True,0,24.0,
177317894,2026-08-01,2026-08-01,1,2026-07-09,Bán căn hộ chung cư mini,5500000000,65.0,2,Quận Nam Từ Liêm,Hà Nội,,False,True,0,23.0,
177318491,2026-08-01,2026-08-01,1,2026-07-09,"Chính chủ bán tầng 9 chung cư CT4-4 Mễ Trì Hạ, Từ Liêm HN 115 m2, 4 PN",8300000000,115.0,4,Quận Nam Từ Liêm,Hà Nội,,False,True,0,23.0,
177324879,2026-08-01,2026-08-01,1,2026-07-09,Bán chung cư chính chủ,3600000000,57.0,2,Quận Nam Từ Liêm,Hà Nội,,False,True,0,23.0,
177333530,2026-08-01,2026-08-01,1,2026-08-01,Hơn 2 tỷ có CH 60m2 2 phòng ngủ tầng thấp gần trung tâm,2800000000,60.0,2,Huyện Thanh Trì,Hà Nội,,False,True,0,0.0,
177333869,2026-08-01,2026-08-01,1,2026-07-10,"CHÍNH CHỦ BÁN CĂN HỘ GÓC 75,3m² – FULL NỘI THẤT – 2 BAN CÔNG",3500000000,75.3,2,Quận Bắc Từ Liêm,Hà Nội,,False,True,0,22.0,
177334168,2026-08-01,2026-08-01,1,2026-07-09,Bán căn góc 103m2,10800000000,103.0,3,Quận Hai Bà Trưng,Hà Nội,,False,True,0,23.0,
177338013,2026-08-01,2026-08-01,1,2026-07-14,Em Chính Chủ Bán Căn CC thông tấn xã - trường ngôi sao hoàng mai 96m,7400000000,96.0,3,Quận Hoàng Mai,Hà Nội,,False,True,0,18.0,
177339038,2026-08-01,2026-08-01,1,2026-07-10,"CHỦ CẦN TIỀN BÁN GẬP NHÀ CẦU GIẤY, GIÁ RẺ NHẤT THỊ TRƯỜNG",9000000000,100.0,3,Quận Nam Từ Liêm,Hà Nội,,False,True,0,22.0,
177339941,2026-08-01,2026-08-01,1,2026-07-10,CẦN TIỀN TRẢ LÃI NGÂN HÀNG CHÍNH CHỦ BÁN GẤP CĂN HỘ CẦU GIẤY,7000000000,90.0,3,Quận Cầu Giấy,Hà Nội,,False,True,0,22.0,
177341160,2026-08-01,2026-08-01,1,2026-07-10,Chính chủ cần bán gấp căn hộ 2PN Goldmark City 136 Hồ Tùng Mậu,6600000000,78.0,2,Quận Bắc Từ Liêm,Hà Nội,,False,True,0,22.0,
177341312,2026-08-01,2026-08-01,1,2026-07-28,"Tôi chủ nhà cần bán căn hộ Chung cư Sông Đà 7 - 135,4m2 nhà mới tinh",12000000000,135.3999,4,Quận Cầu Giấy,Hà Nội,,False,True,0,4.0,
177345005,2026-08-01,2026-08-01,1,2026-07-10,CHỦ CẦN TIỀN GIẢM CHÀO 500 TRIỆU BÁN GẤP TRONG TUẦN,6780000000,100.0,3,Quận Cầu Giấy,Hà Nội,,False,True,0,22.0,
177345725,2026-08-01,2026-08-01,1,2026-07-11,BÁN CẮT LỖ CĂN HỘ 3 NGỦ THESUN MỄ TRÌ,7700000000,75.0,3,Quận Nam Từ Liêm,Hà Nội,,False,True,0,21.0,
177345936,2026-08-01,2026-08-01,1,2026-07-12,"Chính chủ bán Căn Hộ 95,5m2 chung cư Sakura 47 Vũ Trọng Phụng",5800000000,95.5,2,Quận Thanh Xuân,Hà Nội,,False,True,0,20.0,
177347510,2026-08-01,2026-08-01,1,2026-07-10,Chính Chủ Bán Chung Cư Mini 70m² Kinh Doanh Dòng Tiền Tốt,17000000000,70.0,11,Quận Nam Từ Liêm,Hà Nội,,False,True,0,22.0,
177347654,2026-08-01,2026-08-01,1,2026-07-10,Cần bán CCMN sát phố Chùa Bộc - Full nội thất,2750000000,45.0,2,Quận Đống Đa,Hà Nội,,False,True,0,22.0,
177348769,2026-08-01,2026-08-01,1,2026-07-10,"Căn hộ CCCC Jade square, ban công hướng Nam",7999999999,86.0,2,Quận Bắc Từ Liêm,Hà Nội,,False,True,0,22.0,
177350745,2026-08-01,2026-08-01,1,2026-07-10,"Cần bán chung cư phố Vip Thanh Xuân, tầng trung 2 lô gia, 69m2",6800000000,69.0,2,Quận Thanh Xuân,Hà Nội,,False,True,0,22.0,
177350902,2026-08-01,2026-08-01,1,2026-07-10,"Chính chủ bán căn hộ sổ đỏ riêng quận HBT, 75m2, 3PN, nội thất đẹp ",2940000000,70.0,3,Quận Hai Bà Trưng,Hà Nội,,False,True,0,22.0,
177353861,2026-08-01,2026-08-01,1,2026-07-16,"CHÍNH CHỦ BÁN CĂN HỘ 120M² TRẦN CUNG, 3PN, FULL NỘI THẤT, GẦN BV E",11950000000,120.0,3,Quận Bắc Từ Liêm,Hà Nội,,False,True,0,16.0,
177354961,2026-08-01,2026-08-01,1,2026-07-10,"🏡 CHÍNH CHỦ BÁN CĂN HỘ CHUNG CƯ G4 VŨ PHẠM HÀM – YÊN HÒA
- CẦU GIẤY",7244000000,91.3,3,Quận Cầu Giấy,Hà Nội,,False,True,0,22.0,
177358736,2026-08-01,2026-08-01,1,2026-07-11,CHÍNH CHỦ BÁN CĂN HỘ ECO CITY VIỆT HƯNG – VIEW VINHOMES RIVERSIDE,5500000000,73.0,1,Quận Long Biên,Hà Nội,,False,True,0,21.0,
177360403,2026-08-01,2026-08-01,1,2026-07-13,"Chính chủ cần bán căn 2N JSC 34 - Thanh Xuân 81,2m² full nội thất.",7500000000,81.1998,2,Quận Thanh Xuân,Hà Nội,,False,True,0,19.0,
177365816,2026-08-01,2026-08-01,1,2026-07-25,Chính chủ cần bán căn hộ Studio Eldorado 2,4100000000,38.0,1,Quận Tây Hồ,Hà Nội,,False,True,0,7.0,
177370853,2026-08-01,2026-08-01,1,2026-07-14,"Bán chung cư 57 Vũ Trọng Phụng, lô góc, tầng đẹp, 110m2, 8 tỷ",8000000000,110.0,3,Quận Thanh Xuân,Hà Nội,,False,True,0,18.0,
177372095,2026-08-01,2026-08-01,1,2026-07-11,"Bán Căn góc 4PN, 3WC, 142.9m2 - The Wisteria - Sẵn sổ",12000000000,149.0,4,Huyện Hoài Đức,Hà Nội,,False,True,0,21.0,
177372558,2026-08-01,2026-08-01,1,2026-07-11,Cần bán căn hộ chung cư 65m,4900000000,65.0,2,Quận Hoàng Mai,Hà Nội,,False,True,0,21.0,
177372703,2026-08-01,2026-08-01,1,2026-07-14,"chính chủ tôi cần bán CHCC Nam Trung Yên, 70m 2PN, nội thất cao cấp",6300000000,70.0,2,Quận Cầu Giấy,Hà Nội,,False,True,0,18.0,
177376538,2026-08-01,2026-08-01,1,2026-07-11,CĂN HỘ MỸ ĐÌNH PEARL 2 3PN 2VS CÓ SỔ GIAO NHÀ LUÔN,8990000000,93.0,3,Quận Nam Từ Liêm,Hà Nội,,False,True,0,21.0,
177378353,2026-08-01,2026-08-01,1,2026-07-12,Căn hộ tập thể bộ thương mại - đối diện ĐH Y HN - full nội thất đẹp,4800000000,80.0,2,Quận Đống Đa,Hà Nội,,False,True,0,20.0,
177380974,2026-08-01,2026-08-01,1,2026-07-12,Chính chủ bán chung cư CT5 Phùng Hưng để chuyển xuống mặt đất,3290000000,75.0,2,Quận Hà Đông,Hà Nội,,False,True,0,20.0,
177381822,2026-08-01,2026-08-01,1,2026-07-12,Bán cân hộ chung cư Mỹ Đình Pearl 2,8990000000,92.0,3,Quận Nam Từ Liêm,Hà Nội,,False,True,0,20.0,
177386850,2026-08-01,2026-08-01,1,2026-07-12,🔥 TRUNG TÂM CẦU GIẤY - 3 NGỦ ĐỦ ĐỒ - GIÁ TỐT 🔥,6550000000,80.0,3,Quận Cầu Giấy,Hà Nội,,False,True,0,20.0,
177390956,2026-08-01,2026-08-01,1,2026-07-12,Bán căn 2 ngủ chung cư New Horizon 87 Lĩnh Nam,6000000000,76.0,2,Quận Hoàng Mai,Hà Nội,,False,True,0,20.0,
177394652,2026-08-01,2026-08-01,1,2026-07-12,chính chủ cần bán chung cư mini hoàng mai,1350000000,48.0,2,Quận Hoàng Mai,Hà Nội,,False,True,0,20.0,
177395390,2026-08-01,2026-08-01,1,2026-07-19,"BÁN CC “CĂN GÓC 1601 - N04B - T2” - 151,4M²  KĐT NGOẠI GIAO ĐOÀN, HN",15897000000,151.3999,4,Quận Bắc Từ Liêm,Hà Nội,,False,True,0,13.0,
177395668,2026-08-01,2026-08-01,1,2026-07-27,"bán căn hộ FLC 2 ngủ 2 vs giá tốt, tiện ích tuyệt vời",4400000000,60.0,2,Quận Nam Từ Liêm,Hà Nội,,False,True,0,5.0,
177403706,2026-08-01,2026-08-01,1,2026-07-13,Chính chủ cần bán căn hộ Toà C Vinaconex 2 Kim Văn Kim Lũ,4600000000,54.4,2,Quận Hoàng Mai,Hà Nội,,False,True,0,19.0,
177404093,2026-08-01,2026-08-01,1,2026-07-13,"BÁN NHANH CĂN GÓC 2PN EL'DORADO TÂY HỒ  – CHỈ 8,6 TỶ BAO PHÍ",8600000000,70.0,2,Quận Tây Hồ,Hà Nội,,False,True,0,19.0,
177407979,2026-08-01,2026-08-01,1,2026-07-13,"CC Phạm Văn Đồng, sổ đỏ riêng, căn góc, tầng 2",2550000000,33.2999,1,Quận Bắc Từ Liêm,Hà Nội,,False,True,0,19.0,
177407998,2026-08-01,2026-08-01,1,2026-07-13,tôi cần bán căn hộ 104m2 cầu Tó ,6032000000,104.0,3,Huyện Thanh Trì,Hà Nội,,False,True,0,19.0,
177410431,2026-08-01,2026-08-01,1,2026-07-15,🚀🚀Căn hộ tập thể tầng 2 nhà máy in tiền phạm văn đồng  Nhà cải tạo mới,3999999999,60.0,2,Quận Cầu Giấy,Hà Nội,,False,True,0,17.0,
177411836,2026-08-01,2026-08-01,1,2026-07-13,"Căn hộ CC Mini DT 72,1 m2 sổ đỏ phôi riêng Nghĩa Đô, Cầu giấy 2,170 tỷ",2017000000,72.0998,2,Quận Cầu Giấy,Hà Nội,,False,True,0,19.0,
177412117,2026-08-01,2026-08-01,1,2026-07-13,Bán căn hộ Timescity - Full nội thất - 3PN - giá nhỉnh 15 tỷ,15000000000,110.0,3,Quận Hai Bà Trưng,Hà Nội,,False,True,0,19.0,
177413824,2026-08-01,2026-08-01,1,2026-07-17,CHÍNH CHỦ BÁN NHANH CHUNG CƯ VĂN KHÊ 114m² 3PN FULL NỘI THẤT - GIÁ TỐT,5700000000,114.0,3,Quận Hà Đông,Hà Nội,,False,True,0,15.0,
177414079,2026-08-01,2026-08-01,1,2026-07-13,cần bán căn hộ cc,4100000000,48.0,2,Quận Nam Từ Liêm,Hà Nội,,False,True,0,19.0,
177414557,2026-08-01,2026-08-01,1,2026-07-13,CHÍNH CHỦ BÁN NHANH CĂN GÓC 90M² 3PN – CHUNG CƯ GIẢI PHÓNG GIÁ TỐT,5800000000,90.0,3,Quận Hoàng Mai,Hà Nội,,False,True,0,19.0,
177415292,2026-08-01,2026-08-01,1,2026-07-17,"Cần bán gấp căn hộ chung cư Mỹ Đình 122m2, 3PN full nội thất nhỉnh 7",7600000000,122.0,3,Quận Nam Từ Liêm,Hà Nội,,False,True,0,15.0,
177415749,2026-08-01,2026-08-01,1,2026-07-13,"Bán nhà tập thể Võ Thị Sáu phường Hai Bà Trưng, Hà Nội",3800000000,54.0,2,Quận Hai Bà Trưng,Hà Nội,,False,True,0,19.0,
177418549,2026-08-01,2026-08-01,1,2026-07-13,Bán chung cư Ct36 bộ quốc phòng ngõ 28 Xuân La.,8000000000,76.0,2,Quận Tây Hồ,Hà Nội,,False,True,0,19.0,
177420723,2026-08-01,2026-08-01,1,2026-07-18,"Giảm nửa tỷ chủ cần bán gấp căn hộ 120m2 3 ngủ, lô góc full nội thất",4600000000,120.0,3,Quận Đống Đa,Hà Nội,,False,True,0,14.0,
177422447,2026-08-01,2026-08-01,1,2026-07-14,"studio toà  S, 2t45 bao phi hướng đông nam,view bể bơi, chính chủ.",2400000000,30.7,1,Quận Nam Từ Liêm,Hà Nội,,False,True,0,18.0,
177424024,2026-08-01,2026-08-01,1,2026-07-14,The Vista Văn La - Hà Đông giá chỉ từ 8xtr/m2 vốn vào chỉ 15% (900tr),6637000000,68.97,2,Quận Hà Đông,Hà Nội,,False,True,0,18.0,
177424957,2026-08-01,2026-08-01,1,2026-07-14,Bán căn hộ chung cư Vinhomes Smart City,4150000000,54.2,2,Quận Nam Từ Liêm,Hà Nội,,False,True,0,18.0,
177425102,2026-08-01,2026-08-01,1,2026-07-14,Chính chủ cần bán căn 01 Ngủ Vinhomes Smart City,3050000000,37.7999,1,Quận Nam Từ Liêm,Hà Nội,,False,True,0,18.0,
177427844,2026-08-01,2026-08-01,1,2026-07-14,"Bán Chung cư Eurowindow River Park, Tầng cao, Tòa River, Full nội thất",4300000000,69.0,2,Huyện Đông Anh,Hà Nội,,False,True,0,18.0,
177432365,2026-08-01,2026-08-01,1,2026-07-14,"chính chủ bán căn 2PN 88m2, tầng cao view mát, bán nhanh giá tốt",9500000000,88.0,2,Quận Nam Từ Liêm,Hà Nội,,False,True,0,18.0,
177432384,2026-08-01,2026-08-01,1,2026-07-14,Chính Chủ cần bán căn hộ Parkhill Vinomes Timescity - 3PN - Full nt,11000000000,125.0,3,Quận Hai Bà Trưng,Hà Nội,,False,True,0,18.0,
177432797,2026-08-01,2026-08-01,1,2026-07-14,🍀 BÁN TẬP THỂ 2 NGỦ 42M TẦNG 1 Ô TÔ QUANH NHÀ CỰC RẺ,4000000000,42.0,2,Quận Cầu Giấy,Hà Nội,,False,True,0,18.0,
177434175,2026-08-01,2026-08-01,1,2026-07-31,Cần tiền gấp nên giảm ngay 500 triệu,4590000000,80.0,2,Quận Hà Đông,Hà Nội,,False,True,0,1.0,
177441371,2026-08-01,2026-08-01,1,2026-07-27,Bán căn hộ chính chủ tòa 17T10 nguyễn thị định 78m2 . 2 pn . Căn góc,6100000000,78.0,2,Quận Cầu Giấy,Hà Nội,,False,True,0,5.0,
177441518,2026-08-01,2026-08-01,1,2026-07-14,cần bán căn hộ Cc toà CT4 Booyoung cc quốc tế Mỗ lao,6300000000,75.0,2,Quận Hà Đông,Hà Nội,,False,True,0,18.0,
177441688,2026-08-01,2026-08-01,1,2026-07-14,Tôi chính chủ cần bán căn hộ view hồ bán đảo Linh Đàm,2900000000,67.0,2,Quận Hoàng Mai,Hà Nội,,False,True,0,18.0,
177442370,2026-08-01,2026-08-01,1,2026-07-14,"Bán căn hộ chung cư Beasky 88.1m2 3PN, sổ hồng chính chủ",8300000000,88.0999,3,Quận Hoàng Mai,Hà Nội,,False,True,0,18.0,
177443121,2026-08-01,2026-08-01,1,2026-07-28,"BÁN GẤP 2,65 tỷ TẬP THỂ 79m2- Đông Ngạc, sổ riêng 23m2",2650000000,79.0,2,Quận Bắc Từ Liêm,Hà Nội,,False,True,0,4.0,
177443383,2026-08-01,2026-08-01,1,2026-07-15,cần tiền bán gấp căn hộ chung cư KĐT Thanh Hà Cienco 5,3150000000,70.0,2,Quận Hà Đông,Hà Nội,,False,True,0,17.0,
177443702,2026-08-01,2026-08-01,1,2026-07-15,CC bán CCMN tự xây không QH,19800000000,90.0,11,Quận Hoàng Mai,Hà Nội,,False,True,0,17.0,
177446421,2026-08-01,2026-08-01,1,2026-07-19,"Cơ hội vàng có 1-0-2: Sở hữu căn hộ trung tâm Cầu Giấy với giá 3,8 tỷ",3800000000,50.0,2,Quận Cầu Giấy,Hà Nội,,False,True,0,13.0,
177446784,2026-08-01,2026-08-01,1,2026-07-15,chưng cư,14000000000,110.0,3,Quận Cầu Giấy,Hà Nội,,False,True,0,17.0,
177447283,2026-08-01,2026-08-01,1,2026-07-29,Chính chủ tên tôi bán căn hộ sổ vĩnh viễn 3 tỷ 750tr hoàng mai Hà Nội,3750000000,55.0,2,Huyện Thanh Trì,Hà Nội,,False,True,0,3.0,
177448461,2026-08-01,2026-08-01,1,2026-07-15,Chính chủ bán căn hộ 62m chung cư Đồng Phát - Cạnh vành đai 2.5,4600000000,62.0,2,Quận Hoàng Mai,Hà Nội,,False,True,0,17.0,
177448572,2026-08-01,2026-08-01,1,2026-07-17,Bán nhanh căn hộ chính chủ SDU 143 Trần Phú (ga Văn Quán),4300000000,67.1998,2,Quận Hà Đông,Hà Nội,,False,True,0,15.0,
177450508,2026-08-01,2026-08-01,1,2026-07-19,CC bán căn 1PN + 43m2 - 3. tỷ full nội thất KĐT Vinhomes Smart City,3900000000,43.0,2,Quận Nam Từ Liêm,Hà Nội,,False,True,0,13.0,
177455016,2026-08-01,2026-08-01,1,2026-07-17,"Chính chủ - CT8 Định Công - 74.16m2 view hồ Đầm Sòi, gần BV Bưu Điện",5695000000,74.16,2,Quận Hoàng Mai,Hà Nội,,False,True,0,15.0,
177461175,2026-08-01,2026-08-01,1,2026-07-15,"Bán căn hộ chung cư 90m2, 3PN, 2WC, Chung cư B7 Kim Liên",8500000000,90.0,3,Quận Đống Đa,Hà Nội,,False,True,0,17.0,
177462566,2026-08-01,2026-08-01,1,2026-07-26,🏨 Siêu phẩm khách sạn mặt phố Lương Ngọc Quyến – Trung tâm phố cổ Hoàn,860000000000,340.0,11,Quận Hoàn Kiếm,Hà Nội,,False,True,0,6.0,
177462761,2026-08-01,2026-08-01,1,2026-07-19,Bán nhà chung cư tầng 1 mặt đường kinh doanh,25000000000,30.0,2,Quận Hoàn Kiếm,Hà Nội,,False,True,0,13.0,
177462789,2026-08-01,2026-08-01,1,2026-07-15,LONG BIÊN- GIÁ NHÀ XÃ HỘI ĐÃ GIẢM SÂU- CĂN HỘ CAO CẤP- DIỆN TÍCH RỘNG,6939000000,88.0,3,Quận Long Biên,Hà Nội,,False,True,0,17.0,
177464772,2026-08-01,2026-08-01,1,2026-07-15,🔥 BÁN GẤP CĂN HỘ 2PN KIM VĂN KIM LŨ - SỔ ĐỎ CHÍNH CHỦ 65M2 - NHỈNH 3.2,3280000000,65.0998,2,Quận Hoàng Mai,Hà Nội,,False,True,0,17.0,
177465270,2026-08-01,2026-08-01,1,2026-07-31,BÁN CC Cao cấp Khương Đình. Thanh Xuân. Lô góc. 73m. 3Pn. giá 5 tỷ,5000000000,73.0,3,Quận Thanh Xuân,Hà Nội,,False,True,0,1.0,
177466887,2026-08-01,2026-08-01,1,2026-07-16,Căn hộ THANH XUÂN COMPLEX Nguyễn Tuân ,10100000000,89.0,3,Quận Thanh Xuân,Hà Nội,,False,True,0,16.0,
177477237,2026-08-01,2026-08-01,1,2026-07-16,"Chính chủ bán gấp căn góc 100m2, 2PN 2WC, nội thất đầy đủ",9000000000,100.0,2,Quận Cầu Giấy,Hà Nội,,False,True,0,16.0,
177478392,2026-08-01,2026-08-01,1,2026-07-26,"Gia đình cần bán căn chung cư mini 2 ngủ ở Hà Đông, diện tích 54m2",1780000000,54.0,2,Quận Hà Đông,Hà Nội,,False,True,0,6.0,
177482072,2026-08-01,2026-08-01,1,2026-07-21,"Cần bán căn góc 153m2, 3n2wc, pháp lý rõ ràng",13500000000,153.0,3,Quận Nam Từ Liêm,Hà Nội,,False,True,0,11.0,
177482425,2026-08-01,2026-08-01,1,2026-07-23,CẦN BÁN GẤP CC WESTA HÀ ĐÔNG ,4230000000,67.0,2,Quận Hà Đông,Hà Nội,,False,True,0,9.0,
177487504,2026-08-01,2026-08-01,1,2026-07-16,"- Bán căn hộ chung cư Định Công, Hoàng Mai, siêu đẹp, 69m2, 5.4 tỷ",5400000000,69.0,2,Quận Hoàng Mai,Hà Nội,,False,True,0,16.0,
177491019,2026-08-01,2026-08-01,1,2026-07-17,"BÁN CĂN HỘ 90,1M² – VIEW SÔNG HỒNG THOÁNG ĐẸP – CIPUTRA IA20",7600000000,90.0998,3,Quận Bắc Từ Liêm,Hà Nội,,False,True,0,15.0,
177491289,2026-08-01,2026-08-01,1,2026-07-17,Cần bán căn hộ Chung cư K33 Quân đội,6900000000,89.0,3,Quận Long Biên,Hà Nội,,False,True,0,15.0,
177492201,2026-08-01,2026-08-01,1,2026-07-21,"Hàng hiếm, giá đã giảm. (Chính chủ rao) bán CC N07 Thành Thái, 76,1m²,",7600000000,76.0998,2,Quận Cầu Giấy,Hà Nội,,False,True,0,11.0,
177494067,2026-08-01,2026-08-01,1,2026-07-19,chung cư giá rẻ Long Biên,5750000000,97.0,3,Quận Long Biên,Hà Nội,,False,True,0,13.0,
177494989,2026-08-01,2026-08-01,1,2026-07-17,"BÁN GẤP CHUNG CƯ VP5 LINH ĐÀM ,GIÁ ĐẸP PHÂN KHÚC, EM CHÍNH CHỦ CÓ ĐÀM",5300000000,62.0,2,Quận Hoàng Mai,Hà Nội,,False,True,0,15.0,
177495006,2026-08-01,2026-08-01,1,2026-07-29,Cần bán căn ccmn,1790000000,50.0,2,Quận Nam Từ Liêm,Hà Nội,,False,True,0,3.0,
177495549,2026-08-01,2026-08-01,1,2026-07-19,chung cư Long Biên giá rẻ,2400000000,36.0,1,Quận Long Biên,Hà Nội,,False,True,0,13.0,
177498857,2026-08-01,2026-08-01,1,2026-07-17,Cần bán căn hộ tại TT Q Hà Đông cho GD về ở ngay,2750000000,60.0,3,Quận Hà Đông,Hà Nội,,False,True,0,15.0,
177501356,2026-08-01,2026-08-01,1,2026-07-21,"Bán CHCC 3PN Xuân Phương, Dt 107m2",6700000000,107.0,3,Quận Nam Từ Liêm,Hà Nội,,False,True,0,11.0,
177502120,2026-08-01,2026-08-01,1,2026-07-17,"(CHÍNH CHỦ) BÁN CĂN HỘ 2PN CHUNG CƯ 35 LÁNG HẠ, VỊ TRÍ KIM CƯƠNG",5300000000,64.0,2,Quận Ba Đình,Hà Nội,,False,True,0,15.0,
177509117,2026-08-01,2026-08-01,1,2026-07-17,Căn hộ tập thể B2 Vĩnh Hồ,4600000000,65.0,2,Quận Đống Đa,Hà Nội,,False,True,0,15.0,
177515169,2026-08-01,2026-08-01,1,2026-07-18,Cần bán gấp Căn hộ Cao cấp chung cư HINODE CITY 201 Minh Khai Hà Nội,9700000000,77.0,2,Quận Hai Bà Trưng,Hà Nội,,False,True,0,14.0,
177523183,2026-08-01,2026-08-01,1,2026-07-18,Ban nhà,8000000000,61.5,2,Quận Cầu Giấy,Hà Nội,,False,True,0,14.0,
177525343,2026-08-01,2026-08-01,1,2026-07-18,"Bán CC 3PN, 2WC, 80m2 tại Tòa B Vinaconex 2, view đẹp, uy tín",6450000000,80.0,3,Quận Hoàng Mai,Hà Nội,,False,True,0,14.0,
177526495,2026-08-01,2026-08-01,1,2026-07-18,HIẾM! CHUNG CƯ MINI PHỐ LÒ ĐÚC 50m – 11 PHÒNG KHÉP KÍN PCCC ĐẦY ĐỦ,10000000000,50.0,11,Quận Hai Bà Trưng,Hà Nội,,False,True,0,14.0,
177529069,2026-08-01,2026-08-01,1,2026-07-18,"Bán căn hộ tầng 3, 3 phòng ngủ 2vs phố Hoàng Hoa Thám",5296000000,90.0,3,Quận Ba Đình,Hà Nội,,False,True,0,14.0,
177529212,2026-08-01,2026-08-01,1,2026-07-19,Chung cư Nam Trung Yên 67M-2N-1K-2VS. Gần Kangnam- Tiện ích đầy đủ .,4300000000,67.0,2,Quận Cầu Giấy,Hà Nội,,False,True,0,13.0,
177531355,2026-08-01,2026-08-01,1,2026-07-21,Cần bán căn hộ Kim Liên-Trung tâm Đống Đa,3200000000,68.0,2,Quận Đống Đa,Hà Nội,,False,True,0,11.0,
177535243,2026-08-01,2026-08-01,1,2026-07-25,"Chính chủ bán CHCC 65m khu Đông Ngạc, đã có sổ hồng",4300000000,65.0,2,Quận Bắc Từ Liêm,Hà Nội,,False,True,0,7.0,
177536849,2026-08-01,2026-08-01,1,2026-07-19,CĂN ĐẬP THÔNG- NỘI THẤT ĐẸP - VIEW HỒ ĐIỀU HÒA,111111000,100.0,3,Quận Long Biên,Hà Nội,,False,True,0,13.0,
177540259,2026-08-01,2026-08-01,1,2026-07-19,Bán nhà chính chủ,4000000000,70.0,3,Quận Long Biên,Hà Nội,,False,True,0,13.0,
177540353,2026-08-01,2026-08-01,1,2026-07-19,CĂN HỘ PHẠM HÙNG TẦNG TRUNG ĐẸP - 2 NGỦ - CHÌA KHÓA TRAO TAY,6600000000,60.0,2,Quận Nam Từ Liêm,Hà Nội,,False,True,0,13.0,
177540649,2026-08-01,2026-08-01,1,2026-07-19,CĂN ĐẬP THÔNG- NỘI THẤT ĐẸP - VIEW HỒ ĐIỀU HÒA,10100000000,80.0,3,Quận Long Biên,Hà Nội,,False,True,0,13.0,
177544023,2026-08-01,2026-08-01,1,2026-07-19,BÁN CĂN HỘ CAO CẤP SAPPHIRE PALACE – 4 PHỐ CHÍNH KINH,13500000000,129.1,3,Quận Thanh Xuân,Hà Nội,,False,True,0,13.0,
177549289,2026-08-01,2026-08-01,1,2026-07-19,"- Bán căn hộ tập thể Giải Phóng, Thanh Xuân, siêu rẻ, 36m2, 3.85 tỷ",3850000000,36.0,2,Quận Thanh Xuân,Hà Nội,,False,True,0,13.0,
177555568,2026-08-01,2026-08-01,1,2026-07-20,"Bán tập thể 36 Hai Bà Trưng, sát Grand Hàng Bài và Tràng Tiền Plaza",8800000000,54.0,2,Quận Hoàn Kiếm,Hà Nội,,False,True,0,12.0,
177557592,2026-08-01,2026-08-01,1,2026-07-20,"BÁN NHANH CĂN GÓC 153M, FLC LAMDMARK TOWER",13000000000,153.0,3,Quận Nam Từ Liêm,Hà Nội,,False,True,0,12.0,
177557689,2026-08-01,2026-08-01,1,2026-07-20,"Chủ đi nước ngoài gửi căn 2PN, 2 VS sẵn hợp đồng thuê 11tr/ tháng",2350000000,79.0,2,Quận Cầu Giấy,Hà Nội,,False,True,0,12.0,
177561846,2026-08-01,2026-08-01,1,2026-07-20,Căn góc tập thể phố Tôn Đức Thắng,3600000000,48.0,2,Quận Đống Đa,Hà Nội,,False,True,0,12.0,
177562207,2026-08-01,2026-08-01,1,2026-07-20,Căn hộ đẳng cấp châu Âu đầy đủ tiện nghi,7480000000,136.0,3,Quận Hà Đông,Hà Nội,,False,True,0,12.0,
177562435,2026-08-01,2026-08-01,1,2026-07-24,Bán căn 2228 Tòa CT1 Chung cư The Pride Hà Đông,5950000000,103.0,3,Quận Hà Đông,Hà Nội,,False,True,0,8.0,
177563030,2026-08-01,2026-08-01,1,2026-07-22,Shophouse Taseco Central Lakeside Tố Hữu,40000000000,80.0,3,Quận Nam Từ Liêm,Hà Nội,,False,True,0,10.0,
177563543,2026-08-01,2026-08-01,1,2026-07-20,"Bán căn hộ chung cư toà N09 B1 Thành Thái 90m2 , thiết kế 2 ngủ , 2wc",8800000000,90.0,2,Quận Cầu Giấy,Hà Nội,,False,True,0,12.0,
177565515,2026-08-01,2026-08-01,1,2026-07-24,"Chính chủ cần bán căn hộ 2PN-71m2 chung cư Báo nhân dân,full,view đẹp",5555500000,71.0,2,Quận Nam Từ Liêm,Hà Nội,,False,True,0,8.0,
177567975,2026-08-01,2026-08-01,1,2026-07-20,CHÍNH CHỦ BÁN GẤP CCMN 53M2 - GẦN BẾN XE MỸ ĐÌNH - NGẬP TRÀN ÁNH SÁNG!,2280000000,53.0,2,Quận Nam Từ Liêm,Hà Nội,,False,True,0,12.0,
177573997,2026-08-01,2026-08-01,1,2026-07-21,Chính chủ cần bán,3900000000,60.2,2,Quận Hà Đông,Hà Nội,,False,True,0,11.0,
177575128,2026-08-01,2026-08-01,1,2026-07-21,"CHÍNH CHỦ BÁN CĂN HỘ 2 NGỦ – CĂN GÓC, THOÁNG, VÀO Ở NGAY",4880000000,65.0,2,Quận Nam Từ Liêm,Hà Nội,,False,True,0,11.0,
177579785,2026-08-01,2026-08-01,1,2026-07-21,Bán căn hộ chung cư CT6 Khu đô thị Văn Khê 3 ngủ 2 wc,5900000000,105.0,3,Quận Hà Đông,Hà Nội,,False,True,0,11.0,
177584232,2026-08-01,2026-08-01,1,2026-07-21,Bán nhà tập thể tầng 2 ,4300000000,70.0,2,Quận Thanh Xuân,Hà Nội,,False,True,0,11.0,
177584795,2026-08-01,2026-08-01,1,2026-07-21,NHÀ MÌNH CẦN CHUYỂN NHƯỢNG CĂN HỘ 3PN HIỆN ĐẠI,8400000000,108.0,3,Quận Thanh Xuân,Hà Nội,,False,True,0,11.0,
177587076,2026-08-01,2026-08-01,1,2026-07-23,Chính chủ án chung cư 2N1VS Vinhomes Ocean Park 1,3250000000,55.0,2,Huyện Gia Lâm,Hà Nội,,False,True,0,9.0,
177589669,2026-08-01,2026-08-01,1,2026-07-21,"Căn Góc 3 Thoáng - CC Feliz Homes | 113m x 3 Ngủ | Giá 9,7 ",9700000000,113.0,3,Quận Hoàng Mai,Hà Nội,,False,True,0,11.0,
177593526,2026-08-01,2026-08-01,1,2026-07-21,chính chủ bán căn chung cư vân canh az mặt đường vành đai 3.5 giá rẻ,3650000000,80.0,2,Huyện Hoài Đức,Hà Nội,,False,True,0,11.0,
177598457,2026-08-01,2026-08-01,1,2026-07-28,"Bán căn hộ 82,6m2 tại An Bình City, giá chính chủ 8,1 tỷ VND, 3PN, 2WC",8100000000,82.5999,3,Quận Bắc Từ Liêm,Hà Nội,,False,True,0,4.0,
177599036,2026-08-01,2026-08-01,1,2026-07-22,"Bán CHCC – Ninety Complex,  (Tại Ngã Tư Sở), giá 8 tỷ,",8000000000,67.5,2,Quận Đống Đa,Hà Nội,,False,True,0,10.0,
177600978,2026-08-01,2026-08-01,1,2026-07-24,Nhà Đẹp Diêu Giảm Giá Mai Anh Tuấn,2000000000,65.0,4,Quận Đống Đa,Hà Nội,,False,True,0,8.0,
177609781,2026-08-01,2026-08-01,1,2026-07-24,Căn hộ 3PN - nội thất cơ bản FLC Landmark Tower Nam Từ Liêm Hà Nội,9200000000,124.0,3,Quận Nam Từ Liêm,Hà Nội,,False,True,0,8.0,
177617085,2026-08-01,2026-08-01,1,2026-07-24,"3,9 tỷ Chung cư, Sổ đỏ lâu dài. 2 phòng ngủ rộng đẹp.",3900000000,52.0,2,Quận Bắc Từ Liêm,Hà Nội,,False,True,0,8.0,
177617379,2026-08-01,2026-08-01,1,2026-07-26,Bán căn hộ chung cư Pavilion vinhomes ocp1,3320000000,47.0,1,Huyện Gia Lâm,Hà Nội,,False,True,0,6.0,
177617952,2026-08-01,2026-08-01,1,2026-07-23,"căn hộ 45m2, sđcc, 2,6tỷ, đầy đủ nội thất, chung cư Kim Văn Kim Lũ",2600000000,45.0,1,Quận Hoàng Mai,Hà Nội,,False,True,0,9.0,
177626562,2026-08-01,2026-08-01,1,2026-07-23,"Tầng đẹp! Chung cư CT2A - Hoàng Cầu, 55m2 2PN, full NT, slot oto",5300000000,55.0,2,Quận Đống Đa,Hà Nội,,False,True,0,9.0,
177630049,2026-08-01,2026-08-01,1,2026-07-23,"🏡 CHÍNH CHỦ BÁN CĂN HỘ FODACON BẮC HÀ – MỖ LAO, HÀ ĐÔNG",6600000000,111.8,3,Quận Hà Đông,Hà Nội,,False,True,0,9.0,
177631791,2026-08-01,2026-08-01,1,2026-07-23,CĂN HỘ 03 P.NGỦ ~130m2  CHUNG CƯ KIM KHÍ THĂNG LONG CẠNH SUN GRAND ANC,10000000000,130.0,3,Quận Hai Bà Trưng,Hà Nội,,False,True,0,9.0,
177640686,2026-08-01,2026-08-01,1,2026-07-23,chung cư mini có sổ - sang được tên,2086000000,43.0,2,Quận Đống Đa,Hà Nội,,False,True,0,9.0,
177640826,2026-08-01,2026-08-01,1,2026-07-23,"Hot!Chung cư The Ninety 90 Đường Láng, 70m2 2 PN, 5.5 tỷ, sẵn nội thất",5500000000,70.0,2,Quận Đống Đa,Hà Nội,,False,True,0,9.0,
177641262,2026-08-01,2026-08-01,1,2026-07-24,CHÍNH CHỦ CẦN BÁN CĂN HỘ 2n1vs,3400000000,55.0,2,Huyện Gia Lâm,Hà Nội,,False,True,0,8.0,
177646177,2026-08-01,2026-08-01,1,2026-07-24,"Chính chủ, bán căn góc chung cư 70M2",3000000000,70.0,2,Huyện Hoài Đức,Hà Nội,,False,True,0,8.0,
177646521,2026-08-01,2026-08-01,1,2026-07-26,Chính chủ bán One18 Ngọc Lâm 86m² 2PN 2WC full nội thất,8200000000,86.0,2,Quận Long Biên,Hà Nội,,False,True,0,6.0,
177648742,2026-08-01,2026-08-01,1,2026-07-24,BÁN CHÍNH CHỦ CĂN HỘ 12A22 – TÒA 8C  S =60m² – SỔ ĐỎ – TẦNG ĐẸP,3500000000,60.0,2,Huyện Thanh Trì,Hà Nội,,False,True,0,8.0,
177649099,2026-08-01,2026-08-01,1,2026-07-28,"Bán căn hộ Bluegem 3 pn ,2 vs",6800000000,95.0,3,Huyện Thanh Trì,Hà Nội,,False,True,0,4.0,
177649564,2026-08-01,2026-08-01,1,2026-07-24,Bán căn góc rộng 2ng+ khu S Vinhomes OCP1 giá hời,3680000000,70.4,2,Huyện Gia Lâm,Hà Nội,,False,True,0,8.0,
177652836,2026-08-01,2026-08-01,1,2026-07-26,"Căn hộ 2 phòng ngủ Zurich 2 - Oceanpark 1, tầng 25, 60m2",4600000000,60.0,2,Huyện Gia Lâm,Hà Nội,,False,True,0,6.0,
177652980,2026-08-01,2026-08-01,1,2026-07-24,"Chính chủ bán căn hộ Trung Yên 1, 58A Trung Kính, 4PN",11200000000,130.0,4,Quận Cầu Giấy,Hà Nội,,False,True,0,8.0,
177653637,2026-08-01,2026-08-01,1,2026-07-24,Bán căn hộ tại tòa S2.19 Vinhomes Ocean Park Gia Lâm,4450000000,75.0,3,Huyện Gia Lâm,Hà Nội,,False,True,0,8.0,
177656843,2026-08-01,2026-08-01,1,2026-07-24,"Căn hộ CT1 Nam Xa La – 47m², 1 phòng ngủ, trần cao 4m",2150000000,47.0,1,Quận Hà Đông,Hà Nội,,False,True,0,8.0,
177659535,2026-08-01,2026-08-01,1,2026-07-28,(MG miễn gọi) Bán căn 68m khu 3 tòa mới hướng mát,3000000000,68.0,2,Quận Hà Đông,Hà Nội,,False,True,0,4.0,
177667865,2026-08-01,2026-08-01,1,2026-07-25,"Bán căn hộ chung cư chính chủ PCC1 Ba La, Phú Lương, Hà Nội",3300000000,54.0,3,Quận Hà Đông,Hà Nội,,False,True,0,7.0,
177676953,2026-08-01,2026-08-01,1,2026-07-29,Chính Chủ Bán Chung Cư  214 Nguyễn Xiển Giá Nhỉnh 4 Tỷ,4700000000,63.0,2,Quận Thanh Xuân,Hà Nội,,False,True,0,3.0,
177683982,2026-08-01,2026-08-01,1,2026-07-26,Bán CC Đồng Phát Parkview,5500000000,76.0,2,Quận Hoàng Mai,Hà Nội,,False,True,0,6.0,
177685169,2026-08-01,2026-08-01,1,2026-07-26,Chính chủ bán căn CC Skylight 125d Minh Khai,8500000000,108.0,3,Quận Hai Bà Trưng,Hà Nội,,False,True,0,6.0,
177691444,2026-08-01,2026-08-01,1,2026-07-26,Do nhu cầu chuyển nhà xuống liền kề! Cần muốn bán căn đang ở!,7400000000,138.3,3,Quận Hà Đông,Hà Nội,,False,True,0,6.0,
177691987,2026-08-01,2026-08-01,1,2026-07-26,Chính chủ cần bán căn 2n2vs the Sola park,3650000000,55.0,2,Quận Nam Từ Liêm,Hà Nội,,False,True,0,6.0,
177693908,2026-08-01,2026-08-01,1,2026-07-28,Căn hộ tập thể sổ đỏ diện tích lớn 53 m² – Tiềm năng đầu tư cao,3550000000,58.0,2,Quận Hai Bà Trưng,Hà Nội,,False,True,0,4.0,
177694981,2026-08-01,2026-08-01,1,2026-07-30,"Bán căn hộ chung cư tại tòa B2 La Casta, 7,9 tỷ, 101m?, 3PN, 2WC chỉ v",7900000000,101.0,3,Quận Hà Đông,Hà Nội,,False,True,0,2.0,
177697403,2026-08-01,2026-08-01,1,2026-07-28,CHÍNH CHỦ BÁN TẬP THỂ TÂN MAI - 40M - SĐCC - OTO ĐỖ - NHỈNH 2 TỶ,2580000000,40.0,2,Quận Hoàng Mai,Hà Nội,,False,True,0,4.0,
177697581,2026-08-01,2026-08-01,1,2026-07-26,Bán căn hộ tập thể viện y học dân tộc cổ truyền,4000000000,60.0,2,Quận Hoàng Mai,Hà Nội,,False,True,0,6.0,
177699442,2026-08-01,2026-08-01,1,2026-07-28,Con gái chủ nhà - Bán căn hộ chung cư A1 - Đền Lừ 2 - siêu thoáng mát,5000000000,63.79,2,Quận Hoàng Mai,Hà Nội,,False,True,0,4.0,
177703930,2026-08-01,2026-08-01,1,2026-07-31,"chính chủ bán chung cư 89m2, sổ đầy đủ, đã có nội thất",5100000000,89.0,2,Quận Long Biên,Hà Nội,,False,True,0,1.0,
177706402,2026-08-01,2026-08-01,1,2026-07-27,🏡 BÁN CĂN HỘ 3 NGỦ – TÒA G03 CIPUTRA,13100000000,119.0,3,Quận Tây Hồ,Hà Nội,,False,True,0,5.0,
177707045,2026-08-01,2026-08-01,1,2026-07-31,Chính chủ cần bán gấp Tập Thể Tầng 5 Ngõ 319 Tam Trinh,5120000000,80.0,3,Quận Hoàng Mai,Hà Nội,,False,True,0,1.0,
177709096,2026-08-01,2026-08-01,1,2026-07-27,bán căn chung cư 2 ngủ số 1 giáp nhị,4600000000,86.0,2,Quận Hoàng Mai,Hà Nội,,False,True,0,5.0,
177711125,2026-08-01,2026-08-01,1,2026-07-27,Chính chủ cần bán chung cư 2 ngủ 2 vệ sinh Ocean park Gia Lâm,4350000000,62.5,2,Huyện Gia Lâm,Hà Nội,,False,True,0,5.0,
177711658,2026-08-01,2026-08-01,1,2026-07-27,Chính chủ em cần bán căn 86m  3 ngủ 2vs  Toà  CT1- X2 ĐẠI KIM. 3 tầng,6500000000,86.8,3,Quận Hoàng Mai,Hà Nội,,False,True,0,5.0,
177717711,2026-08-01,2026-08-01,1,2026-07-27,Cần Bán Chung cư CT18 KĐT Việt Hưng 97m2 ,6100000000,97.0,3,Quận Long Biên,Hà Nội,,False,True,0,5.0,
177719466,2026-08-01,2026-08-01,1,2026-07-27,CHÍNH CHỦ CẦN BÁN CĂN HỘ TẠI CT1- CC GELEXIA– 74m²,5950000000,74.0,2,Quận Hoàng Mai,Hà Nội,,False,True,0,5.0,
177729703,2026-08-01,2026-08-01,1,2026-07-28,"🔥 Chính chủ bán gấp căn tập thể tầng 4, ngõ 44 Vũ Trọng Phụng, 55m²",3250000000,55.0,2,Quận Thanh Xuân,Hà Nội,,False,True,0,4.0,
177732083,2026-08-01,2026-08-01,1,2026-07-28,Bán nhanh cc tầng trung sông nhuệ,4500000000,80.0,2,Quận Hà Đông,Hà Nội,,False,True,0,4.0,
177733771,2026-08-01,2026-08-01,1,2026-07-28,CẦN TIỀN BÁN CẮT LỖ NHANH GẤP Ạ,2300000000,30.2,1,Huyện Gia Lâm,Hà Nội,,False,True,0,4.0,
177736081,2026-08-01,2026-08-01,1,2026-08-01,BÁN CĂN HỘ,4300000000,85.0,2,Quận Hoàng Mai,Hà Nội,,False,True,0,0.0,
177741317,2026-08-01,2026-08-01,1,2026-08-01,Chính chủ cần bán căn góc 3 ngủ toà Ct3 chung cư Dreamtown ,5750000000,98.5,3,Quận Nam Từ Liêm,Hà Nội,,False,True,0,0.0,
177741730,2026-08-01,2026-08-01,1,2026-07-28,Chính chủ Cần bán Chung Cư Sông nhuệ Fuil Nội Thất 80M Nhỉnh 4 Tỷ,4650000000,80.0,2,Quận Hà Đông,Hà Nội,,False,True,0,4.0,
177744280,2026-08-01,2026-08-01,1,2026-07-28,chính chủ bán căn hộ 2 ngủ 2 WC ,5888888000,67.0,2,Quận Hai Bà Trưng,Hà Nội,,False,True,0,4.0,
177747565,2026-08-01,2026-08-01,1,2026-07-28,bán căn góc 3 ngủ 3 vệ sinh,6600000000,141.0,3,Quận Hà Đông,Hà Nội,,False,True,0,4.0,
177747603,2026-08-01,2026-08-01,1,2026-07-28,BÁN NHÀ CẠNH GAMUDA GẦN 60M2 X 2 NGỦ GIÁ CHỈ 3.15 TỈ SỔ ĐỎ SẴN SÀNG ,3150000000,55.0,2,Quận Hoàng Mai,Hà Nội,,False,True,0,4.0,
177748506,2026-08-01,2026-08-01,1,2026-07-28,Bán căn hộ chung cư VP6 Linh Đàm,3000000000,60.0,2,Quận Hoàng Mai,Hà Nội,,False,True,0,4.0,
177749625,2026-08-01,2026-08-01,1,2026-07-28,"Bán căn hộ chung cư Vinaconex7 - Nguyễn Văn Giáp, 90m2 (Cạnh Vinhome)",6800000000,90.0,2,Quận Nam Từ Liêm,Hà Nội,,False,True,0,4.0,
177749781,2026-08-01,2026-08-01,1,2026-07-30,"BÁN CHUNG CƯ MINI 50m² TẠI MỸ ĐÌNH 1– VỊ TRÍ ĐẸP, GIÁ HẤP DẪN",2100000000,50.0,2,Quận Nam Từ Liêm,Hà Nội,,False,True,0,2.0,
177749961,2026-08-01,2026-08-01,1,2026-07-28,"Bán CHCC Ecolife 58 Tố Hữu, 103m2, 3 ngủ + 2WC, để lại full nội thất",9200000000,103.0,3,Quận Nam Từ Liêm,Hà Nội,,False,True,0,4.0,
177759001,2026-08-01,2026-08-01,1,2026-07-29,"CCMN 13 phòng khép kín , Doanh Thu khủng",12000000000,36.5,11,Huyện Thanh Trì,Hà Nội,,False,True,0,3.0,
177761408,2026-08-01,2026-08-01,1,2026-07-29,Bán Căn hộ Chung Cư 90 Nguyễn Tuân,7100000000,71.1998,2,Quận Thanh Xuân,Hà Nội,,False,True,0,3.0,
177764533,2026-08-01,2026-08-01,1,2026-08-01,"Chính chủ bán căn 1N+ P2 OCP1 2,85 tỷ bao phí (miễn trung gian)",2850000000,43.7999,2,Huyện Gia Lâm,Hà Nội,,False,True,0,0.0,
177766369,2026-08-01,2026-08-01,1,2026-07-31,chung cư cao cấp Feliz Home 297 Hoàng Mai,10500000000,114.0,3,Quận Hoàng Mai,Hà Nội,,False,True,0,1.0,
177766807,2026-08-01,2026-08-01,1,2026-08-01,STUDIO S1.02 – 33.4m² | SẴN SỔ – FULL NỘI THẤT – ĐANG SẴN DÒNG TIỀN ,2290000000,33.4,2,Huyện Gia Lâm,Hà Nội,,False,True,0,0.0,
177766844,2026-08-01,2026-08-01,1,2026-07-29,CHÍNH CHỦ BÁN CĂN HỘ 2PN VINHOMES OCEAN PARK GIA LÂM FULL NỘI THẤT,3190000000,60.0,2,Huyện Gia Lâm,Hà Nội,,False,True,0,3.0,
177767086,2026-08-01,2026-08-01,1,2026-07-29,"Chung cư cao cấp 5 * LeRoi Soleill Đặng Thai Mai  Tân Hoàng Minh, HN",180000000,112.0,4,Quận Tây Hồ,Hà Nội,,False,True,0,3.0,
177775898,2026-08-01,2026-08-01,1,2026-08-01,cần bán căn hô gấp,7500000000,100.0,3,Quận Nam Từ Liêm,Hà Nội,,False,True,0,0.0,
177781531,2026-08-01,2026-08-01,1,2026-07-30,Bán căn hộ chính chủ do chuyển công tác,4100000000,75.5,2,Quận Hà Đông,Hà Nội,,False,True,0,2.0,
177783898,2026-08-01,2026-08-01,1,2026-08-01,BÁN GẤP CHUNG CƯ CAO CẤP HOÀNG MAI,10500000000,114.0,3,Quận Hoàng Mai,Hà Nội,,False,True,0,0.0,
177785318,2026-08-01,2026-08-01,1,2026-08-01,"Bán căn hộ chung cư  N09B1 Thành Thái 90m2 , thiết kế 2 ngủ ,2 wc.",8750000000,89.0,2,Quận Cầu Giấy,Hà Nội,,False,True,0,0.0,
177790438,2026-08-01,2026-08-01,1,2026-07-30,"CẦN BÁN CĂN HỘ 3PN – 77m² – GIÁ 4,3 TỶ – HƯỚNG ĐÔNG NAM THOÁNG MÁT",4300000000,77.0,3,Huyện Thanh Trì,Hà Nội,,False,True,0,2.0,
177796558,2026-08-01,2026-08-01,1,2026-07-30,bán vp6 linh đàm,2750000000,58.0,2,Quận Hoàng Mai,Hà Nội,,False,True,0,2.0,
177796884,2026-08-01,2026-08-01,1,2026-07-31,"Chính chủ bán căn góc gần ngã tư Trung Kính 122m2 3PN 3VS, full nội th",9500000000,121.9,3,Quận Cầu Giấy,Hà Nội,,False,True,0,1.0,
177798566,2026-08-01,2026-08-01,1,2026-08-01,"CHỦ NGỘP BANK CẦN BÁN CĂN DÒNG TIỀN 7 TẦNG , THANG MÁY , GẦN PHỐ",17000000000,56.0,11,Quận Hai Bà Trưng,Hà Nội,,False,True,0,0.0,
177802154,2026-08-01,2026-08-01,1,2026-07-31,bán chung cư chelsea residence đẹp full nội thất xịn,12000000000,98.0,3,Quận Cầu Giấy,Hà Nội,,False,True,0,1.0,
177804558,2026-08-01,2026-08-01,1,2026-08-01,BÁN CĂN CHUNG CƯ KIM VĂN KIM LŨ NHỈNH 3xx TỶ,3600000000,55.0,2,Quận Hoàng Mai,Hà Nội,,False,True,0,0.0,
177806661,2026-08-01,2026-08-01,1,2026-07-31,Bán căn hộ Usilk city Hà Đông,7746000000,129.1,3,Quận Hà Đông,Hà Nội,,False,True,0,1.0,
177811035,2026-08-01,2026-08-01,1,2026-07-31,chính chủ bán căn hộ chung cư Artemis Lê Trọng Tấn,9500000000,80.0,2,Quận Thanh Xuân,Hà Nội,,False,True,0,1.0,
177814353,2026-08-01,2026-08-01,1,2026-07-31,chính chủ cần bán,2400000000,40.0,1,Quận Đống Đa,Hà Nội,,False,True,0,1.0,
177817223,2026-08-01,2026-08-01,1,2026-08-01,"CHỈ HƠN 9 TỶ SỬ HỮU CĂN HỘ 45M DÒNG TIỀN DV 10P KK THANG MÁY , PCCC ĐĐ",9900000000,45.0,11,Quận Đống Đa,Hà Nội,,False,True,0,0.0,
177818748,2026-08-01,2026-08-01,1,2026-08-01,"KHÔNG GIAN CHUẨN 5 SAO VIEW HỒ, CÔNG VIÊN & VINCOM MALL",6750000000,62.0,2,Quận Nam Từ Liêm,Hà Nội,,False,True,0,0.0,
177820556,2026-08-01,2026-08-01,1,2026-08-01,"Bán căn duplex 2PN, 2WC tại số 6 Đội Nhân 84m2 (tổng là 109m2)",7950000000,84.0,2,Quận Ba Đình,Hà Nội,,False,True,0,0.0,
177821788,2026-08-01,2026-08-01,1,2026-08-01,"Cần bán CCMN 45m2- 2PN+1PK tại Đống Đa, Hà Nội",2500000000,45.0,2,Quận Đống Đa,Hà Nội,,False,True,0,0.0,
177824479,2026-08-01,2026-08-01,1,2026-08-01,"Cần bán căn hộ chung cư Anland Complex 89m2, 3PN, 2VS 6,99 tỷ đông",6999000000,89.0,3,Quận Hà Đông,Hà Nội,,False,True,0,0.0,
177831501,2026-08-01,2026-08-01,1,2026-08-01,Bán chcc 45m Nam Từ Liêm,3050000000,45.0,1,Quận Nam Từ Liêm,Hà Nội,,False,True,0,0.0,
177832829,2026-08-01,2026-08-01,1,2026-08-01,"Chỉ 8x tỷ có ngay 3PN tòa B Mulberry Lane, 114m2 BC Đông Nam, full đồ",8500000000,114.0,3,Quận Hà Đông,Hà Nội,,False,True,0,0.0,
177834825,2026-08-01,2026-08-01,1,2026-08-01,chính chủ cần bán căn 45m,3550000000,45.0,1,Quận Hà Đông,Hà Nội,,False,True,0,0.0,
177837560,2026-08-01,2026-08-01,1,2026-08-01,chính chủ cần bán căn hộ tập thể lõi phố cổ,2500000000,27.0,2,Quận Hoàn Kiếm,Hà Nội,,False,True,0,0.0,
